# Item families for the transports' Items column: one row per item id, grouped under the
# family name the TSVs use (AXE, COINS, STAFF_OF_AIR). The gameval name is for reading;
# ItemVariationsTest keeps it in step with the id, so a new item needs both. Rune families
# have their staff and offhand substitutes in rune-sources.tsv.
Family	Item id	Gameval name

AIR_RUNE	556	AIRRUNE
AIR_RUNE	4695	MISTRUNE
AIR_RUNE	4696	DUSTRUNE
AIR_RUNE	4697	SMOKERUNE

ARDOUGNE_CLOAK	13121	ARDY_CAPE_EASY
ARDOUGNE_CLOAK	13122	ARDY_CAPE_MEDIUM
ARDOUGNE_CLOAK	13123	ARDY_CAPE_HARD
ARDOUGNE_CLOAK	13124	ARDY_CAPE_ELITE
ARDOUGNE_CLOAK	20760	SKILLCAPE_MAX_ARDY

ASTRAL_RUNE	9075	ASTRALRUNE
COSMIC_RUNE	564	COSMICRUNE

AXE	1351	BRONZE_AXE
AXE	1349	IRON_AXE
AXE	1353	STEEL_AXE
AXE	1361	BLACK_AXE
AXE	1355	MITHRIL_AXE
AXE	1357	ADAMANT_AXE
AXE	1359	RUNE_AXE
AXE	6739	DRAGON_AXE
AXE	23673	CRYSTAL_AXE
AXE	23675	CRYSTAL_AXE_INACTIVE
AXE	23279	TRAIL_GILDED_AXE
AXE	13241	INFERNAL_AXE
AXE	13242	INFERNAL_AXE_EMPTY
# Trailblazer ornament kit variants: dragon axe (or), infernal axe (or) charged/uncharged.
AXE	25378	TRAILBLAZER_AXE_NO_INFERNAL
AXE	25066	TRAILBLAZER_AXE
AXE	25371	TRAILBLAZER_AXE_EMPTY
AXE	20011	_3A_AXE
# Felling axes (Forestry) cut canoes and trees like their one-handed counterparts.
AXE	28196	BRONZE_AXE_2H
AXE	28199	IRON_AXE_2H
AXE	28202	STEEL_AXE_2H
AXE	28205	BLACK_AXE_2H
AXE	28208	MITHRIL_AXE_2H
AXE	28211	ADAMANT_AXE_2H
AXE	28214	RUNE_AXE_2H
AXE	28217	DRAGON_AXE_2H
AXE	28220	CRYSTAL_AXE_2H
AXE	28223	CRYSTAL_AXE_2H_INACTIVE
AXE	28226	_3A_AXE_2H

BANANA	1963	BANANA

BLOOD_RUNE	565	BLOODRUNE

BROWN_APRON	1757	BROWN_APRON
BROWN_APRON	20208	GOLDEN_APRON
BROWN_APRON	9780	SKILLCAPE_CRAFTING
BROWN_APRON	9781	SKILLCAPE_CRAFTING_TRIMMED
BROWN_APRON	9782	SKILLCAPE_CRAFTING_HOOD

BRYOPHYTAS_STAFF	22370	NATURE_STAFF_CHARGED

# TODO: also use slot or item category
CAPESLOT	4513	CASTLEWARS_HOOD_SARADOMIN_PRIZE
CAPESLOT	4515	CASTLEWARS_HOOD_ZAMORAK_PRIZE

CLIMBING_BOOTS	3105	DEATH_CLIMBINGBOOTS
CLIMBING_BOOTS	23413	CLIMBING_BOOTS_G

COINS	995	COINS

LOGS	1511	LOGS

OAK_LOGS	1521	OAK_LOGS

WILLOW_LOGS	1519	WILLOW_LOGS

YEW_LOGS	1515	YEW_LOGS

MAGIC_LOGS	1513	MAGIC_LOGS

CROSSBOW	837	CROSSBOW
CROSSBOW	767	PHOENIX_CROSSBOW
CROSSBOW	8880	DTTD_BONE_CROSSBOW
CROSSBOW	10156	HUNTING_CROSSBOW
CROSSBOW	9174	XBOWS_CROSSBOW_BRONZE
CROSSBOW	9177	XBOWS_CROSSBOW_IRON
CROSSBOW	9179	XBOWS_CROSSBOW_STEEL
CROSSBOW	9181	XBOWS_CROSSBOW_MITHRIL
CROSSBOW	9183	XBOWS_CROSSBOW_ADAMANTITE
CROSSBOW	9185	XBOWS_CROSSBOW_RUNITE
CROSSBOW	21902	XBOWS_CROSSBOW_DRAGON
CROSSBOW	21012	DRAGONHUNTER_XBOW
CROSSBOW	4734	BARROWS_KARIL_WEAPON
CROSSBOW	4938	BARROWS_KARIL_WEAPON_BROKEN
CROSSBOW	4937	BARROWS_KARIL_WEAPON_25
CROSSBOW	4936	BARROWS_KARIL_WEAPON_50
CROSSBOW	4935	BARROWS_KARIL_WEAPON_75
CROSSBOW	4934	BARROWS_KARIL_WEAPON_100
CROSSBOW	11785	ACB
CROSSBOW	26374	ZARYTE_XBOW

# Admits the Temple of Light gate once Mourning's End Part II is over (from Arianwyn in Lletya).
CRYSTAL_TRINKET	6653	MOURNING_CRYSTAL_TRINKET

DRAMEN_STAFF	772	DRAMEN_STAFF
DRAMEN_STAFF	9091	DRAMEN_STAFF_AIR
DRAMEN_STAFF	9092	DRAMEN_STAFF_FIRE
DRAMEN_STAFF	9093	DRAMEN_STAFF_WATER
DRAMEN_STAFF	9084	LUNAR_MOONCLAN_LIMINAL_STAFF

DUST_BATTLESTAFF	20736	DUST_BATTLESTAFF
DUST_BATTLESTAFF	20739	MYSTIC_DUST_BATTLESTAFF

DUST_RUNE	4696	DUSTRUNE

DUSTY_KEY	1590	DUSTY_KEY

EARTH_RUNE	557	EARTHRUNE
EARTH_RUNE	4696	DUSTRUNE
EARTH_RUNE	4698	MUDRUNE
EARTH_RUNE	4699	LAVARUNE

ECTO_TOKEN	4278	ECTOTOKEN

FIRE_RUNE	554	FIRERUNE
FIRE_RUNE	4697	SMOKERUNE
FIRE_RUNE	4694	STEAMRUNE
FIRE_RUNE	4699	LAVARUNE

GAMES_NECKLACE	3853	NECKLACE_OF_MINIGAMES_8
GAMES_NECKLACE	3855	NECKLACE_OF_MINIGAMES_7
GAMES_NECKLACE	3857	NECKLACE_OF_MINIGAMES_6
GAMES_NECKLACE	3859	NECKLACE_OF_MINIGAMES_5
GAMES_NECKLACE	3861	NECKLACE_OF_MINIGAMES_4
GAMES_NECKLACE	3863	NECKLACE_OF_MINIGAMES_3
GAMES_NECKLACE	3865	NECKLACE_OF_MINIGAMES_2
GAMES_NECKLACE	3867	NECKLACE_OF_MINIGAMES_1

GLOWING_FUNGUS	4075	GLOWING_FUNGUS

# TODO: also use slot or item category
HEADSLOT	4514	CASTLEWARS_CLOAK_SARADOMIN_PRIZE
HEADSLOT	4516	CASTLEWARS_CLOAK_ZAMORAK_PRIZE

LAVA_BATTLESTAFF	3053	LAVA_BATTLESTAFF
LAVA_BATTLESTAFF	21198	LAVA_BATTLESTAFF_PRETTY
LAVA_BATTLESTAFF	3054	MYSTIC_LAVA_STAFF
LAVA_BATTLESTAFF	21200	MYSTIC_LAVA_STAFF_PRETTY

LAVA_RUNE	4699	LAVARUNE

LAW_RUNE	563	LAWRUNE

MACHETE	975	MACHETTE
MACHETE	6313	MACHETTE_OPAL
MACHETE	6315	MACHETTE_JADE
MACHETE	6317	MACHETTE_REDTOPAZ

MAX_CAPE	13280	SKILLCAPE_MAX
MAX_CAPE	13342	SKILLCAPE_MAX_WORN
MAX_CAPE	13329	SKILLCAPE_MAX_FIRECAPE
MAX_CAPE	21186	SKILLCAPE_MAX_FIRECAPE_DUMMY
MAX_CAPE	24134	SKILLCAPE_MAX_FIRECAPE_TROUVER
MAX_CAPE	13331	SKILLCAPE_MAX_SARADOMIN
MAX_CAPE	13333	SKILLCAPE_MAX_ZAMORAK
MAX_CAPE	13335	SKILLCAPE_MAX_GUTHIX
MAX_CAPE	13337	SKILLCAPE_MAX_ANMA
MAX_CAPE	20760	SKILLCAPE_MAX_ARDY
MAX_CAPE	21285	SKILLCAPE_MAX_INFERNALCAPE
MAX_CAPE	21284	SKILLCAPE_MAX_INFERNALCAPE_DUMMY
MAX_CAPE	24133	SKILLCAPE_MAX_INFERNALCAPE_TROUVER
MAX_CAPE	21776	SKILLCAPE_MAX_SARADOMIN2
MAX_CAPE	24232	SKILLCAPE_MAX_SARADOMIN2_TROUVER
MAX_CAPE	21780	SKILLCAPE_MAX_ZAMORAK2
MAX_CAPE	24233	SKILLCAPE_MAX_ZAMORAK2_TROUVER
MAX_CAPE	21784	SKILLCAPE_MAX_GUTHIX2
MAX_CAPE	24234	SKILLCAPE_MAX_GUTHIX2_TROUVER
MAX_CAPE	21898	SKILLCAPE_MAX_ASSEMBLER
MAX_CAPE	24135	SKILLCAPE_MAX_ASSEMBLER_TROUVER
MAX_CAPE	24855	SKILLCAPE_MAX_MYTHICAL
MAX_CAPE	27363	SKILLCAPE_MAX_ASSEMBLER_MASORI
MAX_CAPE	27365	SKILLCAPE_MAX_ASSEMBLER_MASORI_TROUVER
MAX_CAPE	28902	SKILLCAPE_MAX_DIZANAS
MAX_CAPE	28906	SKILLCAPE_MAX_DIZANAS_TROUVER

MAX_HOOD	13281	SKILLCAPE_MAX_HOOD
MAX_HOOD	13330	SKILLCAPE_MAX_HOOD_FIRECAPE
MAX_HOOD	13332	SKILLCAPE_MAX_HOOD_SARADOMIN
MAX_HOOD	13334	SKILLCAPE_MAX_HOOD_ZAMORAK
MAX_HOOD	13336	SKILLCAPE_MAX_HOOD_GUTHIX
MAX_HOOD	13338	SKILLCAPE_MAX_HOOD_ANMA
MAX_HOOD	20764	SKILLCAPE_MAX_HOOD_ARDY
MAX_HOOD	21282	SKILLCAPE_MAX_HOOD_INFERNALCAPE
MAX_HOOD	21778	SKILLCAPE_MAX_HOOD_SARADOMIN2
MAX_HOOD	21782	SKILLCAPE_MAX_HOOD_ZAMORAK2
MAX_HOOD	21786	SKILLCAPE_MAX_HOOD_GUTHIX2
MAX_HOOD	21900	SKILLCAPE_MAX_HOOD_ASSEMBLER
MAX_HOOD	24857	SKILLCAPE_MAX_HOOD_MYTHICAL
MAX_HOOD	27366	SKILLCAPE_MAX_HOOD_ASSEMBLER_MASORI
MAX_HOOD	28904	SKILLCAPE_MAX_HOOD_DIZANAS

MAZE_KEY	1542	MELZARKEY

MIND_RUNE	558	MINDRUNE

MIST_BATTLESTAFF	20730	MIST_BATTLESTAFF
MIST_BATTLESTAFF	20733	MYSTIC_MIST_BATTLESTAFF

MIST_RUNE	4695	MISTRUNE

MITH_GRAPPLE	9419	XBOWS_GRAPPLE_TIP_BOLT_MITHRIL_ROPE

MUD_BATTLESTAFF	6562	MUD_BATTLESTAFF
MUD_BATTLESTAFF	6563	MYSTIC_MUD_STAFF

MUD_RUNE	4698	MUDRUNE

MYSTIC_DUST_STAFF	20739	MYSTIC_DUST_BATTLESTAFF

MYSTIC_LAVA_STAFF	3054	MYSTIC_LAVA_STAFF

MYSTIC_MIST_STAFF	20733	MYSTIC_MIST_BATTLESTAFF

MYSTIC_MUD_STAFF	6563	MYSTIC_MUD_STAFF

MYSTIC_SMOKE_STAFF	12000	MYSTIC_SMOKE_BATTLESTAFF

MYSTIC_STEAM_STAFF	11789	MYSTIC_STEAM_BATTLESTAFF

NATURE_RUNE	561	NATURERUNE

PICKAXE	1265	BRONZE_PICKAXE
PICKAXE	1267	IRON_PICKAXE
PICKAXE	1269	STEEL_PICKAXE
PICKAXE	12297	BLACK_PICKAXE
PICKAXE	1273	MITHRIL_PICKAXE
PICKAXE	1271	ADAMANT_PICKAXE
PICKAXE	1275	RUNE_PICKAXE
PICKAXE	11920	DRAGON_PICKAXE
PICKAXE	23680	CRYSTAL_PICKAXE
PICKAXE	23276	TRAIL_GILDED_PICKAXE
PICKAXE	20014	_3A_PICKAXE
PICKAXE	12797	DRAGON_PICKAXE_PRETTY
PICKAXE	23677	ZALCANO_PICKAXE
PICKAXE	25376	TRAILBLAZER_PICKAXE_NO_INFERNAL
PICKAXE	30351	TRAILBLAZER_RELOADED_PICKAXE_NO_INFERNAL
PICKAXE	13243	INFERNAL_PICKAXE

ROPE	954	ROPE

SHANTAY_PASS	1854	SHANTAY_PASS

SKAVID_MAP	2376	SKAVIDMAP

SMOKE_BATTLESTAFF	11998	SMOKE_BATTLESTAFF
SMOKE_BATTLESTAFF	12000	MYSTIC_SMOKE_BATTLESTAFF

SMOKE_RUNE	4697	SMOKERUNE

SOUL_RUNE	566	SOULRUNE

SPADE	952	SPADE

STAFF_OF_AIR	1381	STAFF_OF_AIR
STAFF_OF_AIR	1405	MYSTIC_AIR_STAFF
STAFF_OF_AIR	1397	AIR_BATTLESTAFF
STAFF_OF_AIR	20730	MIST_BATTLESTAFF
STAFF_OF_AIR	20736	DUST_BATTLESTAFF
STAFF_OF_AIR	11998	SMOKE_BATTLESTAFF
STAFF_OF_AIR	20733	MYSTIC_MIST_BATTLESTAFF
STAFF_OF_AIR	20739	MYSTIC_DUST_BATTLESTAFF
STAFF_OF_AIR	12000	MYSTIC_SMOKE_BATTLESTAFF
STAFF_OF_AIR	33253	SHADOWFLAME_QUADRANT

STAFF_OF_EARTH	1385	STAFF_OF_EARTH
STAFF_OF_EARTH	1407	MYSTIC_EARTH_STAFF
STAFF_OF_EARTH	1399	EARTH_BATTLESTAFF
STAFF_OF_EARTH	20736	DUST_BATTLESTAFF
STAFF_OF_EARTH	6562	MUD_BATTLESTAFF
STAFF_OF_EARTH	3053	LAVA_BATTLESTAFF
# The "(or)" cosmetic variants are the same staves (field report 2026-08-23: a pretty
# lava staff counted as fire but not earth, so the Civitas spell demanded bank runes).
STAFF_OF_EARTH	21198	LAVA_BATTLESTAFF_PRETTY
STAFF_OF_EARTH	20739	MYSTIC_DUST_BATTLESTAFF
STAFF_OF_EARTH	6563	MYSTIC_MUD_STAFF
STAFF_OF_EARTH	3054	MYSTIC_LAVA_STAFF
STAFF_OF_EARTH	21200	MYSTIC_LAVA_STAFF_PRETTY
STAFF_OF_EARTH	33253	SHADOWFLAME_QUADRANT

STAFF_OF_FIRE	1387	STAFF_OF_FIRE
STAFF_OF_FIRE	1401	MYSTIC_FIRE_STAFF
STAFF_OF_FIRE	1393	FIRE_BATTLESTAFF
STAFF_OF_FIRE	11998	SMOKE_BATTLESTAFF
STAFF_OF_FIRE	11787	STEAM_BATTLESTAFF
STAFF_OF_FIRE	12795	STEAM_BATTLESTAFF_PRETTY
STAFF_OF_FIRE	3053	LAVA_BATTLESTAFF
STAFF_OF_FIRE	21198	LAVA_BATTLESTAFF_PRETTY
STAFF_OF_FIRE	12000	MYSTIC_SMOKE_BATTLESTAFF
STAFF_OF_FIRE	11789	MYSTIC_STEAM_BATTLESTAFF
STAFF_OF_FIRE	3054	MYSTIC_LAVA_STAFF
STAFF_OF_FIRE	21200	MYSTIC_LAVA_STAFF_PRETTY
STAFF_OF_FIRE	12796	MYSTIC_STEAM_BATTLESTAFF_PRETTY
STAFF_OF_FIRE	30634	TWINFLAME_STAFF
STAFF_OF_FIRE	33253	SHADOWFLAME_QUADRANT

STAFF_OF_WATER	1383	STAFF_OF_WATER
STAFF_OF_WATER	1403	MYSTIC_WATER_STAFF
STAFF_OF_WATER	1395	WATER_BATTLESTAFF
STAFF_OF_WATER	20730	MIST_BATTLESTAFF
STAFF_OF_WATER	6562	MUD_BATTLESTAFF
STAFF_OF_WATER	11787	STEAM_BATTLESTAFF
STAFF_OF_WATER	12795	STEAM_BATTLESTAFF_PRETTY
STAFF_OF_WATER	20733	MYSTIC_MIST_BATTLESTAFF
STAFF_OF_WATER	6563	MYSTIC_MUD_STAFF
STAFF_OF_WATER	11789	MYSTIC_STEAM_BATTLESTAFF
STAFF_OF_WATER	12796	MYSTIC_STEAM_BATTLESTAFF_PRETTY
STAFF_OF_WATER	30634	TWINFLAME_STAFF
STAFF_OF_WATER	33253	SHADOWFLAME_QUADRANT

STEAM_BATTLESTAFF	11787	STEAM_BATTLESTAFF
STEAM_BATTLESTAFF	12795	STEAM_BATTLESTAFF_PRETTY
STEAM_BATTLESTAFF	11789	MYSTIC_STEAM_BATTLESTAFF
STEAM_BATTLESTAFF	12796	MYSTIC_STEAM_BATTLESTAFF_PRETTY
STEAM_BATTLESTAFF	30634	TWINFLAME_STAFF

STEAM_RUNE	4694	STEAMRUNE

TOME_OF_EARTH	30064	TOME_OF_EARTH

TOME_OF_FIRE	20714	TOME_OF_FIRE

TOME_OF_WATER	25574	TOME_OF_WATER

WATER_RUNE	555	WATERRUNE
WATER_RUNE	4695	MISTRUNE
WATER_RUNE	4698	MUDRUNE
WATER_RUNE	4694	STEAMRUNE
