# Port-to-port sea distances in centitiles, keyed by mooring LAND tiles so index
# order never matters. GENERATED by scripts/rekey_sea_matrix.py from the tooling
# repo's docs/sailing-sea-matrix.tsv + docs/mooring-points.tsv — do not edit by hand.
fromLandX	fromLandY	toLandX	toLandY	centitiles
2059	2605	2095	3188	60246
2059	2605	2079	3689	113505
2059	2605	3173	2368	117773
2059	2605	3145	2824	114504
2059	2605	2143	3121	53924
2059	2605	2157	3325	74660
2059	2605	2148	3531	94968
2059	2605	2151	3880	131531
2059	2605	2193	2319	31068
2059	2605	1201	2733	88548
2059	2605	2220	3466	95914
2059	2605	2282	2821	35084
2059	2605	3353	2215	139297
2059	2605	2344	2268	44893
2059	2605	2320	2774	31608
2059	2605	2305	3689	116568
2059	2605	2310	3781	124577
2059	2605	2411	3781	131085
2059	2605	2467	2718	44184
2059	2605	1451	2969	71436
2059	2605	2532	2531	51562
2059	2605	1513	2973	66763
2059	2605	1506	3402	104075
2059	2605	2542	3764	143372
2059	2605	2569	2295	60468
2059	2605	2569	2295	60410
2059	2605	1555	2772	54011
2059	2605	2579	2843	58881
2059	2605	2612	3841	151826
2059	2605	2660	2392	67424
2059	2605	2651	2677	61676
2059	2605	2685	3162	94343
2059	2605	2670	3266	105003
2059	2605	2629	3704	150286
2059	2605	2751	2951	79138
2059	2605	2746	3304	110937
2059	2605	1726	3453	92644
2059	2605	2808	2509	78894
2059	2605	1758	2655	30372
2059	2605	1776	3141	75567
2059	2605	2759	3229	109109
2059	2605	2796	3413	122813
2059	2605	2849	2325	86157
2059	2605	2878	3335	122878
2059	2605	1844	3688	113288
2059	2605	2860	3970	180204
2059	2605	1873	2983	42935
2059	2605	2907	3225	123255
2059	2605	1862	3307	75048
2059	2605	1892	3428	86387
2059	2605	2927	4055	190526
2059	2605	2996	2287	101981
2059	2605	2965	2608	93172
2059	2605	1922	2759	20471
2059	2605	1958	3113	53784
2059	2605	2960	3146	126311
2059	2605	1953	4056	147472
2059	2605	3060	2638	101860
2059	2605	3069	2986	112984
2059	2605	3050	3192	131011
2095	3188	2059	2605	60246
2095	3188	2079	3689	53985
2095	3188	3173	2368	139756
2095	3188	3145	2824	123031
2095	3188	2143	3121	8330
2095	3188	2157	3325	15140
2095	3188	2148	3531	35448
2095	3188	2151	3880	72011
2095	3188	2193	2319	89730
2095	3188	1201	2733	105316
2095	3188	2220	3466	36394
2095	3188	2282	2821	50564
2095	3188	3353	2215	162980
2095	3188	2344	2268	99339
2095	3188	2320	2774	54244
2095	3188	2305	3689	57048
2095	3188	2310	3781	65057
2095	3188	2411	3781	71565
2095	3188	2467	2718	61952
2095	3188	1451	2969	79244
2095	3188	2532	2531	83101
2095	3188	1513	2973	74571
2095	3188	1506	3402	64622
2095	3188	2542	3764	83852
2095	3188	2569	2295	106186
2095	3188	2569	2295	106086
2095	3188	1555	2772	72692
2095	3188	2579	2843	67408
2095	3188	2612	3841	92306
2095	3188	2660	2392	100901
2095	3188	2651	2677	77918
2095	3188	2685	3162	102870
2095	3188	2670	3266	113530
2095	3188	2629	3704	90766
2095	3188	2751	2951	87665
2095	3188	2746	3304	119464
2095	3188	1726	3453	47125
2095	3188	2808	2509	102276
2095	3188	1758	2655	64756
2095	3188	1776	3141	39634
2095	3188	2759	3229	117636
2095	3188	2796	3413	131340
2095	3188	2849	2325	116810
2095	3188	2878	3335	131405
2095	3188	1844	3688	56191
2095	3188	2860	3970	120684
2095	3188	1873	2983	32062
2095	3188	2907	3225	131782
2095	3188	1862	3307	29090
2095	3188	1892	3428	31993
2095	3188	2927	4055	131006
2095	3188	2996	2287	129390
2095	3188	2965	2608	110929
2095	3188	1922	2759	48462
2095	3188	1958	3113	17168
2095	3188	2960	3146	134838
2095	3188	1953	4056	90256
2095	3188	3060	2638	119315
2095	3188	3069	2986	121511
2095	3188	3050	3192	139538
2079	3689	2059	2605	113505
2079	3689	2095	3188	53985
2079	3689	3173	2368	193111
2079	3689	3145	2824	176386
2079	3689	2143	3121	61478
2079	3689	2157	3325	41290
2079	3689	2148	3531	21257
2079	3689	2151	3880	22128
2079	3689	2193	2319	143085
2079	3689	1201	2733	150009
2079	3689	2220	3466	30575
2079	3689	2282	2821	103919
2079	3689	3353	2215	216335
2079	3689	2344	2268	152694
2079	3689	2320	2774	107599
2079	3689	2305	3689	22835
2079	3689	2310	3781	25135
2079	3689	2411	3781	35387
2079	3689	2467	2718	115307
2079	3689	1451	2969	123937
2079	3689	2532	2531	136456
2079	3689	1513	2973	119264
2079	3689	1506	3402	74097
2079	3689	2542	3764	48473
2079	3689	2569	2295	159541
2079	3689	2569	2295	159441
2079	3689	1555	2772	117410
2079	3689	2579	2843	120763
2079	3689	2612	3841	56927
2079	3689	2660	2392	154256
2079	3689	2651	2677	131273
2079	3689	2685	3162	156225
2079	3689	2670	3266	166885
2079	3689	2629	3704	55387
2079	3689	2751	2951	141020
2079	3689	2746	3304	172819
2079	3689	1726	3453	51117
2079	3689	2808	2509	155631
2079	3689	1758	2655	114853
2079	3689	1776	3141	69644
2079	3689	2759	3229	170991
2079	3689	2796	3413	184695
2079	3689	2849	2325	170165
2079	3689	2878	3335	184760
2079	3689	1844	3688	26254
2079	3689	2860	3970	85305
2079	3689	1873	2983	79709
2079	3689	2907	3225	185137
2079	3689	1862	3307	49093
2079	3689	1892	3428	37009
2079	3689	2927	4055	95627
2079	3689	2996	2287	182745
2079	3689	2965	2608	164284
2079	3689	1922	2759	101398
2079	3689	1958	3113	64445
2079	3689	2960	3146	188193
2079	3689	1953	4056	39568
2079	3689	3060	2638	172670
2079	3689	3069	2986	174866
2079	3689	3050	3192	192893
3173	2368	2059	2605	117773
3173	2368	2095	3188	139756
3173	2368	2079	3689	193111
3173	2368	3145	2824	54004
3173	2368	2143	3121	131946
3173	2368	2157	3325	152778
3173	2368	2148	3531	174094
3173	2368	2151	3880	210657
3173	2368	2193	2319	100228
3173	2368	1201	2733	205960
3173	2368	2220	3466	175040
3173	2368	2282	2821	100853
3173	2368	3353	2215	23615
3173	2368	2344	2268	85276
3173	2368	2320	2774	96251
3173	2368	2305	3689	195694
3173	2368	2310	3781	203703
3173	2368	2411	3781	210211
3173	2368	2467	2718	80667
3173	2368	1451	2969	186944
3173	2368	2532	2531	68012
3173	2368	1513	2973	182271
3173	2368	1506	3402	200110
3173	2368	2542	3764	222498
3173	2368	2569	2295	62523
3173	2368	2569	2295	62423
3173	2368	1555	2772	171423
3173	2368	2579	2843	78009
3173	2368	2612	3841	230952
3173	2368	2660	2392	52072
3173	2368	2651	2677	62356
3173	2368	2685	3162	97968
3173	2368	2670	3266	108628
3173	2368	2629	3704	229412
3173	2368	2751	2951	75432
3173	2368	2746	3304	114562
3173	2368	1726	3453	185149
3173	2368	2808	2509	39908
3173	2368	1758	2655	147784
3173	2368	1776	3141	173456
3173	2368	2759	3229	111953
3173	2368	2796	3413	120900
3173	2368	2849	2325	34595
3173	2368	2878	3335	108866
3173	2368	1844	3688	195930
3173	2368	2860	3970	257593
3173	2368	1873	2983	147308
3173	2368	2907	3225	97118
3173	2368	1862	3307	165751
3173	2368	1892	3428	171460
3173	2368	2927	4055	252785
3173	2368	2996	2287	19672
3173	2368	2965	2608	32962
3173	2368	1922	2759	134501
3173	2368	1958	3113	146552
3173	2368	2960	3146	87184
3173	2368	1953	4056	229910
3173	2368	3060	2638	33984
3173	2368	3069	2986	68668
3173	2368	3050	3192	89970
3145	2824	2059	2605	114504
3145	2824	2095	3188	123031
3145	2824	2079	3689	176386
3145	2824	3173	2368	54004
3145	2824	2143	3121	115221
3145	2824	2157	3325	136053
3145	2824	2148	3531	157369
3145	2824	2151	3880	193932
3145	2824	2193	2319	109342
3145	2824	1201	2733	196432
3145	2824	2220	3466	158315
3145	2824	2282	2821	86508
3145	2824	3353	2215	66915
3145	2824	2344	2268	98623
3145	2824	2320	2774	85208
3145	2824	2305	3689	178969
3145	2824	2310	3781	186978
3145	2824	2411	3781	193486
3145	2824	2467	2718	70498
3145	2824	1451	2969	175784
3145	2824	2532	2531	69302
3145	2824	1513	2973	171111
3145	2824	1506	3402	183385
3145	2824	2542	3764	205773
3145	2824	2569	2295	78590
3145	2824	2569	2295	78490
3145	2824	1555	2772	160935
3145	2824	2579	2843	57240
3145	2824	2612	3841	214227
3145	2824	2660	2392	65112
3145	2824	2651	2677	53287
3145	2824	2685	3162	69002
3145	2824	2670	3266	71536
3145	2824	2629	3704	212687
3145	2824	2751	2951	46466
3145	2824	2746	3304	66740
3145	2824	1726	3453	168424
3145	2824	2808	2509	46133
3145	2824	1758	2655	141808
3145	2824	1776	3141	156731
3145	2824	2759	3229	63425
3145	2824	2796	3413	72372
3145	2824	2849	2325	58811
3145	2824	2878	3335	60338
3145	2824	1844	3688	179205
3145	2824	2860	3970	242605
3145	2824	1873	2983	136148
3145	2824	2907	3225	48590
3145	2824	1862	3307	149026
3145	2824	1892	3428	154735
3145	2824	2927	4055	239581
3145	2824	2996	2287	57152
3145	2824	2965	2608	28485
3145	2824	1922	2759	124013
3145	2824	1958	3113	129827
3145	2824	2960	3146	38656
3145	2824	1953	4056	213185
3145	2824	3060	2638	20726
3145	2824	3069	2986	18939
3145	2824	3050	3192	40241
2143	3121	2059	2605	53924
2143	3121	2095	3188	8330
2143	3121	2079	3689	61478
2143	3121	3173	2368	131946
2143	3121	3145	2824	115221
2143	3121	2157	3325	21097
2143	3121	2148	3531	42461
2143	3121	2151	3880	79024
2143	3121	2193	2319	83408
2143	3121	1201	2733	103971
2143	3121	2220	3466	43407
2143	3121	2282	2821	42754
2143	3121	3353	2215	155170
2143	3121	2344	2268	93017
2143	3121	2320	2774	46434
2143	3121	2305	3689	64061
2143	3121	2310	3781	72070
2143	3121	2411	3781	78578
2143	3121	2467	2718	54142
2143	3121	1451	2969	77899
2143	3121	2532	2531	75291
2143	3121	1513	2973	73226
2143	3121	1506	3402	70492
2143	3121	2542	3764	90865
2143	3121	2569	2295	98376
2143	3121	2569	2295	98276
2143	3121	1555	2772	71194
2143	3121	2579	2843	59598
2143	3121	2612	3841	99319
2143	3121	2660	2392	93091
2143	3121	2651	2677	70108
2143	3121	2685	3162	95060
2143	3121	2670	3266	105720
2143	3121	2629	3704	97779
2143	3121	2751	2951	79855
2143	3121	2746	3304	111654
2143	3121	1726	3453	54729
2143	3121	2808	2509	94466
2143	3121	1758	2655	60270
2143	3121	1776	3141	45504
2143	3121	2759	3229	109826
2143	3121	2796	3413	123530
2143	3121	2849	2325	109000
2143	3121	2878	3335	123595
2143	3121	1844	3688	64504
2143	3121	2860	3970	127697
2143	3121	1873	2983	30642
2143	3121	2907	3225	123972
2143	3121	1862	3307	35538
2143	3121	1892	3428	40306
2143	3121	2927	4055	138019
2143	3121	2996	2287	121580
2143	3121	2965	2608	103119
2143	3121	1922	2759	43976
2143	3121	1958	3113	18696
2143	3121	2960	3146	127028
2143	3121	1953	4056	98277
2143	3121	3060	2638	111505
2143	3121	3069	2986	113701
2143	3121	3050	3192	131728
2157	3325	2059	2605	74660
2157	3325	2095	3188	15140
2157	3325	2079	3689	41290
2157	3325	3173	2368	152778
2157	3325	3145	2824	136053
2157	3325	2143	3121	21097
2157	3325	2148	3531	22273
2157	3325	2151	3880	58836
2157	3325	2193	2319	104144
2157	3325	1201	2733	117037
2157	3325	2220	3466	23219
2157	3325	2282	2821	63586
2157	3325	3353	2215	176002
2157	3325	2344	2268	113753
2157	3325	2320	2774	67266
2157	3325	2305	3689	43873
2157	3325	2310	3781	51882
2157	3325	2411	3781	58390
2157	3325	2467	2718	74974
2157	3325	1451	2969	90965
2157	3325	2532	2531	96123
2157	3325	1513	2973	86292
2157	3325	1506	3402	66996
2157	3325	2542	3764	70677
2157	3325	2569	2295	119208
2157	3325	2569	2295	119108
2157	3325	1555	2772	84413
2157	3325	2579	2843	80430
2157	3325	2612	3841	79131
2157	3325	2660	2392	113923
2157	3325	2651	2677	90940
2157	3325	2685	3162	115892
2157	3325	2670	3266	126552
2157	3325	2629	3704	77591
2157	3325	2751	2951	100687
2157	3325	2746	3304	132486
2157	3325	1726	3453	46320
2157	3325	2808	2509	115298
2157	3325	1758	2655	78014
2157	3325	1776	3141	48008
2157	3325	2759	3229	130658
2157	3325	2796	3413	144362
2157	3325	2849	2325	129832
2157	3325	2878	3335	144427
2157	3325	1844	3688	48325
2157	3325	2860	3970	107509
2157	3325	1873	2983	44808
2157	3325	2907	3225	144804
2157	3325	1862	3307	30312
2157	3325	1892	3428	29020
2157	3325	2927	4055	117831
2157	3325	2996	2287	142412
2157	3325	2965	2608	123951
2157	3325	1922	2759	62876
2157	3325	1958	3113	28864
2157	3325	2960	3146	147860
2157	3325	1953	4056	78089
2157	3325	3060	2638	132337
2157	3325	3069	2986	134533
2157	3325	3050	3192	152560
2148	3531	2059	2605	94968
2148	3531	2095	3188	35448
2148	3531	2079	3689	21257
2148	3531	3173	2368	174094
2148	3531	3145	2824	157369
2148	3531	2143	3121	42461
2148	3531	2157	3325	22273
2148	3531	2151	3880	38371
2148	3531	2193	2319	124452
2148	3531	1201	2733	133563
2148	3531	2220	3466	10801
2148	3531	2282	2821	84902
2148	3531	3353	2215	197318
2148	3531	2344	2268	134061
2148	3531	2320	2774	88582
2148	3531	2305	3689	23493
2148	3531	2310	3781	31502
2148	3531	2411	3781	38010
2148	3531	2467	2718	96290
2148	3531	1451	2969	107491
2148	3531	2532	2531	117439
2148	3531	1513	2973	102818
2148	3531	1506	3402	67468
2148	3531	2542	3764	50297
2148	3531	2569	2295	140524
2148	3531	2569	2295	140424
2148	3531	1555	2772	100964
2148	3531	2579	2843	101746
2148	3531	2612	3841	58751
2148	3531	2660	2392	135239
2148	3531	2651	2677	112256
2148	3531	2685	3162	137208
2148	3531	2670	3266	147868
2148	3531	2629	3704	57211
2148	3531	2751	2951	122003
2148	3531	2746	3304	153802
2148	3531	1726	3453	45112
2148	3531	2808	2509	136614
2148	3531	1758	2655	96316
2148	3531	1776	3141	57366
2148	3531	2759	3229	151974
2148	3531	2796	3413	165678
2148	3531	2849	2325	151148
2148	3531	2878	3335	165743
2148	3531	1844	3688	34530
2148	3531	2860	3970	87129
2148	3531	1873	2983	61393
2148	3531	2907	3225	166120
2148	3531	1862	3307	36863
2148	3531	1892	3428	28100
2148	3531	2927	4055	97451
2148	3531	2996	2287	163728
2148	3531	2965	2608	145267
2148	3531	1922	2759	82861
2148	3531	1958	3113	45908
2148	3531	2960	3146	169176
2148	3531	1953	4056	58056
2148	3531	3060	2638	153653
2148	3531	3069	2986	155849
2148	3531	3050	3192	173876
2151	3880	2059	2605	131531
2151	3880	2095	3188	72011
2151	3880	2079	3689	22128
2151	3880	3173	2368	210657
2151	3880	3145	2824	193932
2151	3880	2143	3121	79024
2151	3880	2157	3325	58836
2151	3880	2148	3531	38371
2151	3880	2193	2319	161015
2151	3880	1201	2733	168035
2151	3880	2220	3466	45158
2151	3880	2282	2821	121465
2151	3880	3353	2215	233881
2151	3880	2344	2268	170624
2151	3880	2320	2774	125145
2151	3880	2305	3689	25077
2151	3880	2310	3781	18773
2151	3880	2411	3781	29725
2151	3880	2467	2718	132853
2151	3880	1451	2969	141963
2151	3880	2532	2531	154002
2151	3880	1513	2973	137290
2151	3880	1506	3402	91808
2151	3880	2542	3764	43051
2151	3880	2569	2295	177087
2151	3880	2569	2295	176987
2151	3880	1555	2772	135436
2151	3880	2579	2843	138309
2151	3880	2612	3841	49043
2151	3880	2660	2392	171802
2151	3880	2651	2677	148819
2151	3880	2685	3162	173771
2151	3880	2670	3266	184431
2151	3880	2629	3704	53163
2151	3880	2751	2951	158566
2151	3880	2746	3304	190365
2151	3880	1726	3453	68828
2151	3880	2808	2509	173177
2151	3880	1758	2655	132879
2151	3880	1776	3141	87355
2151	3880	2759	3229	188537
2151	3880	2796	3413	202241
2151	3880	2849	2325	187711
2151	3880	2878	3335	202306
2151	3880	1844	3688	39832
2151	3880	2860	3970	72984
2151	3880	1873	2983	97735
2151	3880	2907	3225	202683
2151	3880	1862	3307	66804
2151	3880	1892	3428	54720
2151	3880	2927	4055	81793
2151	3880	2996	2287	200291
2151	3880	2965	2608	181830
2151	3880	1922	2759	119424
2151	3880	1958	3113	82471
2151	3880	2960	3146	205739
2151	3880	1953	4056	30884
2151	3880	3060	2638	190216
2151	3880	3069	2986	192412
2151	3880	3050	3192	210439
2193	2319	2059	2605	31068
2193	2319	2095	3188	89730
2193	2319	2079	3689	143085
2193	2319	3173	2368	100228
2193	2319	3145	2824	109342
2193	2319	2143	3121	83408
2193	2319	2157	3325	104144
2193	2319	2148	3531	124452
2193	2319	2151	3880	161015
2193	2319	1201	2733	108639
2193	2319	2220	3466	125398
2193	2319	2282	2821	52737
2193	2319	3353	2215	121176
2193	2319	2344	2268	20489
2193	2319	2320	2774	47796
2193	2319	2305	3689	146052
2193	2319	2310	3781	154061
2193	2319	2411	3781	160569
2193	2319	2467	2718	48853
2193	2319	1451	2969	98574
2193	2319	2532	2531	41537
2193	2319	1513	2973	93901
2193	2319	1506	3402	135143
2193	2319	2542	3764	172856
2193	2319	2569	2295	40780
2193	2319	2569	2295	40756
2193	2319	1555	2772	78208
2193	2319	2579	2843	65825
2193	2319	2612	3841	181310
2193	2319	2660	2392	50599
2193	2319	2651	2677	59166
2193	2319	2685	3162	100911
2193	2319	2670	3266	111571
2193	2319	2629	3704	179770
2193	2319	2751	2951	84581
2193	2319	2746	3304	117505
2193	2319	1726	3453	123712
2193	2319	2808	2509	67685
2193	2319	1758	2655	54467
2193	2319	1776	3141	106635
2193	2319	2759	3229	115677
2193	2319	2796	3413	129381
2193	2319	2849	2325	68036
2193	2319	2878	3335	129446
2193	2319	1844	3688	144356
2193	2319	2860	3970	209688
2193	2319	1873	2983	74003
2193	2319	2907	3225	129823
2193	2319	1862	3307	106116
2193	2319	1892	3428	117455
2193	2319	2927	4055	220010
2193	2319	2996	2287	83860
2193	2319	2965	2608	85702
2193	2319	1922	2759	51284
2193	2319	1958	3113	84852
2193	2319	2960	3146	127065
2193	2319	1953	4056	178540
2193	2319	3060	2638	95576
2193	2319	3069	2986	113738
2193	2319	3050	3192	131765
1201	2733	2059	2605	88548
1201	2733	2095	3188	105316
1201	2733	2079	3689	150009
1201	2733	3173	2368	205960
1201	2733	3145	2824	196432
1201	2733	2143	3121	103971
1201	2733	2157	3325	117037
1201	2733	2148	3531	133563
1201	2733	2151	3880	168035
1201	2733	2193	2319	108639
1201	2733	2220	3466	135121
1201	2733	2282	2821	115448
1201	2733	3353	2215	227484
1201	2733	2344	2268	126797
1201	2733	2320	2774	112584
1201	2733	2305	3689	155775
1201	2733	2310	3781	163784
1201	2733	2411	3781	170292
1201	2733	2467	2718	127312
1201	2733	1451	2969	41755
1201	2733	2532	2531	139749
1201	2733	1513	2973	41327
1201	2733	1506	3402	132131
1201	2733	2542	3764	182579
1201	2733	2569	2295	147088
1201	2733	2569	2295	147064
1201	2733	1555	2772	36412
1201	2733	2579	2843	140809
1201	2733	2612	3841	191033
1201	2733	2660	2392	155611
1201	2733	2651	2677	146196
1201	2733	2685	3162	176271
1201	2733	2670	3266	186931
1201	2733	2629	3704	189493
1201	2733	2751	2951	161066
1201	2733	2746	3304	192865
1201	2733	1726	3453	120700
1201	2733	2808	2509	167081
1201	2733	1758	2655	59742
1201	2733	1776	3141	103623
1201	2733	2759	3229	191037
1201	2733	2796	3413	204741
1201	2733	2849	2325	174344
1201	2733	2878	3335	204806
1201	2733	1844	3688	142688
1201	2733	2860	3970	219411
1201	2733	1873	2983	73354
1201	2733	2907	3225	205183
1201	2733	1862	3307	103104
1201	2733	1892	3428	116267
1201	2733	2927	4055	229733
1201	2733	2996	2287	190168
1201	2733	2965	2608	180346
1201	2733	1922	2759	72724
1201	2733	1958	3113	88173
1201	2733	2960	3146	208239
1201	2733	1953	4056	179368
1201	2733	3060	2638	188732
1201	2733	3069	2986	194912
1201	2733	3050	3192	212939
2220	3466	2059	2605	95914
2220	3466	2095	3188	36394
2220	3466	2079	3689	30575
2220	3466	3173	2368	175040
2220	3466	3145	2824	158315
2220	3466	2143	3121	43407
2220	3466	2157	3325	23219
2220	3466	2148	3531	10801
2220	3466	2151	3880	45158
2220	3466	2193	2319	125398
2220	3466	1201	2733	135121
2220	3466	2282	2821	85848
2220	3466	3353	2215	198264
2220	3466	2344	2268	135007
2220	3466	2320	2774	89528
2220	3466	2305	3689	25070
2220	3466	2310	3781	34354
2220	3466	2411	3781	39587
2220	3466	2467	2718	97236
2220	3466	1451	2969	109049
2220	3466	2532	2531	118385
2220	3466	1513	2973	104376
2220	3466	1506	3402	73108
2220	3466	2542	3764	51874
2220	3466	2569	2295	141470
2220	3466	2569	2295	141370
2220	3466	1555	2772	102522
2220	3466	2579	2843	102692
2220	3466	2612	3841	60328
2220	3466	2660	2392	136185
2220	3466	2651	2677	113202
2220	3466	2685	3162	138154
2220	3466	2670	3266	148814
2220	3466	2629	3704	58788
2220	3466	2751	2951	122949
2220	3466	2746	3304	154748
2220	3466	1726	3453	50752
2220	3466	2808	2509	137560
2220	3466	1758	2655	97262
2220	3466	1776	3141	60199
2220	3466	2759	3229	152920
2220	3466	2796	3413	166624
2220	3466	2849	2325	152094
2220	3466	2878	3335	166689
2220	3466	1844	3688	44955
2220	3466	2860	3970	88706
2220	3466	1873	2983	62917
2220	3466	2907	3225	167066
2220	3466	1862	3307	40072
2220	3466	1892	3428	33740
2220	3466	2927	4055	99028
2220	3466	2996	2287	164674
2220	3466	2965	2608	146213
2220	3466	1922	2759	83807
2220	3466	1958	3113	46973
2220	3466	2960	3146	170122
2220	3466	1953	4056	66811
2220	3466	3060	2638	154599
2220	3466	3069	2986	156795
2220	3466	3050	3192	174822
2282	2821	2059	2605	35084
2282	2821	2095	3188	50564
2282	2821	2079	3689	103919
2282	2821	3173	2368	100853
2282	2821	3145	2824	86508
2282	2821	2143	3121	42754
2282	2821	2157	3325	63586
2282	2821	2148	3531	84902
2282	2821	2151	3880	121465
2282	2821	2193	2319	52737
2282	2821	1201	2733	115448
2282	2821	2220	3466	85848
2282	2821	3353	2215	124077
2282	2821	2344	2268	56970
2282	2821	2320	2774	6122
2282	2821	2305	3689	106502
2282	2821	2310	3781	114511
2282	2821	2411	3781	121019
2282	2821	2467	2718	21105
2282	2821	1451	2969	94800
2282	2821	2532	2531	40279
2282	2821	1513	2973	90127
2282	2821	1506	3402	110918
2282	2821	2542	3764	133306
2282	2821	2569	2295	60271
2282	2821	2569	2295	60188
2282	2821	1555	2772	79951
2282	2821	2579	2843	30885
2282	2821	2612	3841	141760
2282	2821	2660	2392	58079
2282	2821	2651	2677	40256
2282	2821	2685	3162	66347
2282	2821	2670	3266	77007
2282	2821	2629	3704	140220
2282	2821	2751	2951	51142
2282	2821	2746	3304	82941
2282	2821	1726	3453	95957
2282	2821	2808	2509	63373
2282	2821	1758	2655	60824
2282	2821	1776	3141	83804
2282	2821	2759	3229	81113
2282	2821	2796	3413	94817
2282	2821	2849	2325	75663
2282	2821	2878	3335	94882
2282	2821	1844	3688	106738
2282	2821	2860	3970	170138
2282	2821	1873	2983	55164
2282	2821	2907	3225	95259
2282	2821	1862	3307	76559
2282	2821	1892	3428	82268
2282	2821	2927	4055	180460
2282	2821	2996	2287	90093
2282	2821	2965	2608	74406
2282	2821	1922	2759	43029
2282	2821	1958	3113	57360
2282	2821	2960	3146	98315
2282	2821	1953	4056	140718
2282	2821	3060	2638	82792
2282	2821	3069	2986	84988
2282	2821	3050	3192	103015
3353	2215	2059	2605	139297
3353	2215	2095	3188	162980
3353	2215	2079	3689	216335
3353	2215	3173	2368	23615
3353	2215	3145	2824	66915
3353	2215	2143	3121	155170
3353	2215	2157	3325	176002
3353	2215	2148	3531	197318
3353	2215	2151	3880	233881
3353	2215	2193	2319	121176
3353	2215	1201	2733	227484
3353	2215	2220	3466	198264
3353	2215	2282	2821	124077
3353	2215	2344	2268	103776
3353	2215	2320	2774	118999
3353	2215	2305	3689	218918
3353	2215	2310	3781	226927
3353	2215	2411	3781	233435
3353	2215	2467	2718	103891
3353	2215	1451	2969	208468
3353	2215	2532	2531	89536
3353	2215	1513	2973	203795
3353	2215	1506	3402	223334
3353	2215	2542	3764	245722
3353	2215	2569	2295	81023
3353	2215	2569	2295	80923
3353	2215	1555	2772	192947
3353	2215	2579	2843	101233
3353	2215	2612	3841	254176
3353	2215	2660	2392	73596
3353	2215	2651	2677	85580
3353	2215	2685	3162	121192
3353	2215	2670	3266	131852
3353	2215	2629	3704	252636
3353	2215	2751	2951	98656
3353	2215	2746	3304	131155
3353	2215	1726	3453	208373
3353	2215	2808	2509	62146
3353	2215	1758	2655	169308
3353	2215	1776	3141	196680
3353	2215	2759	3229	127840
3353	2215	2796	3413	136787
3353	2215	2849	2325	54628
3353	2215	2878	3335	124753
3353	2215	1844	3688	219154
3353	2215	2860	3970	250426
3353	2215	1873	2983	168832
3353	2215	2907	3225	113005
3353	2215	1862	3307	188975
3353	2215	1892	3428	194684
3353	2215	2927	4055	245618
3353	2215	2996	2287	37452
3353	2215	2965	2608	56186
3353	2215	1922	2759	156025
3353	2215	1958	3113	169776
3353	2215	2960	3146	103071
3353	2215	1953	4056	253134
3353	2215	3060	2638	55186
3353	2215	3069	2986	84555
3353	2215	3050	3192	105857
2344	2268	2059	2605	44893
2344	2268	2095	3188	99339
2344	2268	2079	3689	152694
2344	2268	3173	2368	85276
2344	2268	3145	2824	98623
2344	2268	2143	3121	93017
2344	2268	2157	3325	113753
2344	2268	2148	3531	134061
2344	2268	2151	3880	170624
2344	2268	2193	2319	20489
2344	2268	1201	2733	126797
2344	2268	2220	3466	135007
2344	2268	2282	2821	56970
2344	2268	3353	2215	103776
2344	2268	2320	2774	51213
2344	2268	2305	3689	155661
2344	2268	2310	3781	163670
2344	2268	2411	3781	170178
2344	2268	2467	2718	48121
2344	2268	1451	2969	115329
2344	2268	2532	2531	33083
2344	2268	1513	2973	110656
2344	2268	1506	3402	146622
2344	2268	2542	3764	182465
2344	2268	2569	2295	22948
2344	2268	2569	2295	22972
2344	2268	1555	2772	94963
2344	2268	2579	2843	63257
2344	2268	2612	3841	190919
2344	2268	2660	2392	35647
2344	2268	2651	2677	52097
2344	2268	2685	3162	97697
2344	2268	2670	3266	108357
2344	2268	2629	3704	189379
2344	2268	2751	2951	80262
2344	2268	2746	3304	114291
2344	2268	1726	3453	134511
2344	2268	2808	2509	52988
2344	2268	1758	2655	71222
2344	2268	1776	3141	118114
2344	2268	2759	3229	112463
2344	2268	2796	3413	126167
2344	2268	2849	2325	51692
2344	2268	2878	3335	126232
2344	2268	1844	3688	153965
2344	2268	2860	3970	219297
2344	2268	1873	2983	87199
2344	2268	2907	3225	126609
2344	2268	1862	3307	115725
2344	2268	1892	3428	127064
2344	2268	2927	4055	229619
2344	2268	2996	2287	66460
2344	2268	2965	2608	71651
2344	2268	1922	2759	65364
2344	2268	1958	3113	94461
2344	2268	2960	3146	116815
2344	2268	1953	4056	188149
2344	2268	3060	2638	81151
2344	2268	3069	2986	103046
2344	2268	3050	3192	121515
2320	2774	2059	2605	31608
2320	2774	2095	3188	54244
2320	2774	2079	3689	107599
2320	2774	3173	2368	96251
2320	2774	3145	2824	85208
2320	2774	2143	3121	46434
2320	2774	2157	3325	67266
2320	2774	2148	3531	88582
2320	2774	2151	3880	125145
2320	2774	2193	2319	47796
2320	2774	1201	2733	112584
2320	2774	2220	3466	89528
2320	2774	2282	2821	6122
2320	2774	3353	2215	118999
2320	2774	2344	2268	51213
2320	2774	2305	3689	110182
2320	2774	2310	3781	118191
2320	2774	2411	3781	124699
2320	2774	2467	2718	16520
2320	2774	1451	2969	91936
2320	2774	2532	2531	34182
2320	2774	1513	2973	87263
2320	2774	1506	3402	109448
2320	2774	2542	3764	136986
2320	2774	2569	2295	54174
2320	2774	2569	2295	54091
2320	2774	1555	2772	77087
2320	2774	2579	2843	29585
2320	2774	2612	3841	145440
2320	2774	2660	2392	51982
2320	2774	2651	2677	36028
2320	2774	2685	3162	65047
2320	2774	2670	3266	75707
2320	2774	2629	3704	143900
2320	2774	2751	2951	49842
2320	2774	2746	3304	81641
2320	2774	1726	3453	97337
2320	2774	2808	2509	58596
2320	2774	1758	2655	57960
2320	2774	1776	3141	80940
2320	2774	2759	3229	79813
2320	2774	2796	3413	93517
2320	2774	2849	2325	70041
2320	2774	2878	3335	93582
2320	2774	1844	3688	110418
2320	2774	2860	3970	173818
2320	2774	1873	2983	52300
2320	2774	2907	3225	93959
2320	2774	1862	3307	78049
2320	2774	1892	3428	85948
2320	2774	2927	4055	184140
2320	2774	2996	2287	84471
2320	2774	2965	2608	70178
2320	2774	1922	2759	40165
2320	2774	1958	3113	56573
2320	2774	2960	3146	97015
2320	2774	1953	4056	144398
2320	2774	3060	2638	78564
2320	2774	3069	2986	83688
2320	2774	3050	3192	101715
2305	3689	2059	2605	116568
2305	3689	2095	3188	57048
2305	3689	2079	3689	22835
2305	3689	3173	2368	195694
2305	3689	3145	2824	178969
2305	3689	2143	3121	64061
2305	3689	2157	3325	43873
2305	3689	2148	3531	23493
2305	3689	2151	3880	25077
2305	3689	2193	2319	146052
2305	3689	1201	2733	155775
2305	3689	2220	3466	25070
2305	3689	2282	2821	106502
2305	3689	3353	2215	218918
2305	3689	2344	2268	155661
2305	3689	2320	2774	110182
2305	3689	2310	3781	9471
2305	3689	2411	3781	14670
2305	3689	2467	2718	117890
2305	3689	1451	2969	129703
2305	3689	2532	2531	139039
2305	3689	1513	2973	125030
2305	3689	1506	3402	87706
2305	3689	2542	3764	26957
2305	3689	2569	2295	162124
2305	3689	2569	2295	162024
2305	3689	1555	2772	123176
2305	3689	2579	2843	123346
2305	3689	2612	3841	35411
2305	3689	2660	2392	156839
2305	3689	2651	2677	133856
2305	3689	2685	3162	158808
2305	3689	2670	3266	169468
2305	3689	2629	3704	33871
2305	3689	2751	2951	143603
2305	3689	2746	3304	175402
2305	3689	1726	3453	64726
2305	3689	2808	2509	158214
2305	3689	1758	2655	117916
2305	3689	1776	3141	79578
2305	3689	2759	3229	173574
2305	3689	2796	3413	187278
2305	3689	2849	2325	172748
2305	3689	2878	3335	187343
2305	3689	1844	3688	47004
2305	3689	2860	3970	63789
2305	3689	1873	2983	83571
2305	3689	2907	3225	187720
2305	3689	1862	3307	58925
2305	3689	1892	3428	49193
2305	3689	2927	4055	74111
2305	3689	2996	2287	185328
2305	3689	2965	2608	166867
2305	3689	1922	2759	104461
2305	3689	1958	3113	67627
2305	3689	2960	3146	190776
2305	3689	1953	4056	52203
2305	3689	3060	2638	175253
2305	3689	3069	2986	177449
2305	3689	3050	3192	195476
2310	3781	2059	2605	124577
2310	3781	2095	3188	65057
2310	3781	2079	3689	25135
2310	3781	3173	2368	203703
2310	3781	3145	2824	186978
2310	3781	2143	3121	72070
2310	3781	2157	3325	51882
2310	3781	2148	3531	31502
2310	3781	2151	3880	18773
2310	3781	2193	2319	154061
2310	3781	1201	2733	163784
2310	3781	2220	3466	34354
2310	3781	2282	2821	114511
2310	3781	3353	2215	226927
2310	3781	2344	2268	163670
2310	3781	2320	2774	118191
2310	3781	2305	3689	9471
2310	3781	2411	3781	12276
2310	3781	2467	2718	125899
2310	3781	1451	2969	137712
2310	3781	2532	2531	147048
2310	3781	1513	2973	133039
2310	3781	1506	3402	93515
2310	3781	2542	3764	25362
2310	3781	2569	2295	170133
2310	3781	2569	2295	170033
2310	3781	1555	2772	131185
2310	3781	2579	2843	131355
2310	3781	2612	3841	33816
2310	3781	2660	2392	164848
2310	3781	2651	2677	141865
2310	3781	2685	3162	166817
2310	3781	2670	3266	177477
2310	3781	2629	3704	35396
2310	3781	2751	2951	151612
2310	3781	2746	3304	183411
2310	3781	1726	3453	70535
2310	3781	2808	2509	166223
2310	3781	1758	2655	125925
2310	3781	1776	3141	86062
2310	3781	2759	3229	181583
2310	3781	2796	3413	195287
2310	3781	2849	2325	180757
2310	3781	2878	3335	195352
2310	3781	1844	3688	48680
2310	3781	2860	3970	62194
2310	3781	1873	2983	91580
2310	3781	2907	3225	195729
2310	3781	1862	3307	65409
2310	3781	1892	3428	55002
2310	3781	2927	4055	72516
2310	3781	2996	2287	193337
2310	3781	2965	2608	174876
2310	3781	1922	2759	112470
2310	3781	1958	3113	75636
2310	3781	2960	3146	198785
2310	3781	1953	4056	45824
2310	3781	3060	2638	183262
2310	3781	3069	2986	185458
2310	3781	3050	3192	203485
2411	3781	2059	2605	131085
2411	3781	2095	3188	71565
2411	3781	2079	3689	35387
2411	3781	3173	2368	210211
2411	3781	3145	2824	193486
2411	3781	2143	3121	78578
2411	3781	2157	3325	58390
2411	3781	2148	3531	38010
2411	3781	2151	3880	29725
2411	3781	2193	2319	160569
2411	3781	1201	2733	170292
2411	3781	2220	3466	39587
2411	3781	2282	2821	121019
2411	3781	3353	2215	233435
2411	3781	2344	2268	170178
2411	3781	2320	2774	124699
2411	3781	2305	3689	14670
2411	3781	2310	3781	12276
2411	3781	2467	2718	132407
2411	3781	1451	2969	144220
2411	3781	2532	2531	153556
2411	3781	1513	2973	139547
2411	3781	1506	3402	101948
2411	3781	2542	3764	13470
2411	3781	2569	2295	176641
2411	3781	2569	2295	176541
2411	3781	1555	2772	137693
2411	3781	2579	2843	137863
2411	3781	2612	3841	21588
2411	3781	2660	2392	171356
2411	3781	2651	2677	148373
2411	3781	2685	3162	173325
2411	3781	2670	3266	183985
2411	3781	2629	3704	24127
2411	3781	2751	2951	158120
2411	3781	2746	3304	189919
2411	3781	1726	3453	78968
2411	3781	2808	2509	172731
2411	3781	1758	2655	132433
2411	3781	1776	3141	93820
2411	3781	2759	3229	188091
2411	3781	2796	3413	201795
2411	3781	2849	2325	187265
2411	3781	2878	3335	201860
2411	3781	1844	3688	58932
2411	3781	2860	3970	49966
2411	3781	1873	2983	98088
2411	3781	2907	3225	202237
2411	3781	1862	3307	73167
2411	3781	1892	3428	63435
2411	3781	2927	4055	60288
2411	3781	2996	2287	199845
2411	3781	2965	2608	181384
2411	3781	1922	2759	118978
2411	3781	1958	3113	82144
2411	3781	2960	3146	205293
2411	3781	1953	4056	55316
2411	3781	3060	2638	189770
2411	3781	3069	2986	191966
2411	3781	3050	3192	209993
2467	2718	2059	2605	44184
2467	2718	2095	3188	61952
2467	2718	2079	3689	115307
2467	2718	3173	2368	80667
2467	2718	3145	2824	70498
2467	2718	2143	3121	54142
2467	2718	2157	3325	74974
2467	2718	2148	3531	96290
2467	2718	2151	3880	132853
2467	2718	2193	2319	48853
2467	2718	1201	2733	127312
2467	2718	2220	3466	97236
2467	2718	2282	2821	21105
2467	2718	3353	2215	103891
2467	2718	2344	2268	48121
2467	2718	2320	2774	16520
2467	2718	2305	3689	117890
2467	2718	2310	3781	125899
2467	2718	2411	3781	132407
2467	2718	1451	2969	107672
2467	2718	2532	2531	21701
2467	2718	1513	2973	102999
2467	2718	1506	3402	122306
2467	2718	2542	3764	144694
2467	2718	2569	2295	45092
2467	2718	2569	2295	44992
2467	2718	1555	2772	92151
2467	2718	2579	2843	17123
2467	2718	2612	3841	153148
2467	2718	2660	2392	39501
2467	2718	2651	2677	20070
2467	2718	2685	3162	52343
2467	2718	2670	3266	63003
2467	2718	2629	3704	151608
2467	2718	2751	2951	37138
2467	2718	2746	3304	68937
2467	2718	1726	3453	107345
2467	2718	2808	2509	43187
2467	2718	1758	2655	71488
2467	2718	1776	3141	95652
2467	2718	2759	3229	67109
2467	2718	2796	3413	80813
2467	2718	2849	2325	55685
2467	2718	2878	3335	80878
2467	2718	1844	3688	118126
2467	2718	2860	3970	181526
2467	2718	1873	2983	68036
2467	2718	2907	3225	81255
2467	2718	1862	3307	87947
2467	2718	1892	3428	93656
2467	2718	2927	4055	191848
2467	2718	2996	2287	70115
2467	2718	2965	2608	54220
2467	2718	1922	2759	55229
2467	2718	1958	3113	68748
2467	2718	2960	3146	82305
2467	2718	1953	4056	152106
2467	2718	3060	2638	62606
2467	2718	3069	2986	68978
2467	2718	3050	3192	87005
1451	2969	2059	2605	71436
1451	2969	2095	3188	79244
1451	2969	2079	3689	123937
1451	2969	3173	2368	186944
1451	2969	3145	2824	175784
1451	2969	2143	3121	77899
1451	2969	2157	3325	90965
1451	2969	2148	3531	107491
1451	2969	2151	3880	141963
1451	2969	2193	2319	98574
1451	2969	1201	2733	41755
1451	2969	2220	3466	109049
1451	2969	2282	2821	94800
1451	2969	3353	2215	208468
1451	2969	2344	2268	115329
1451	2969	2320	2774	91936
1451	2969	2305	3689	129703
1451	2969	2310	3781	137712
1451	2969	2411	3781	144220
1451	2969	2467	2718	107672
1451	2969	2532	2531	120733
1451	2969	1513	2973	6096
1451	2969	1506	3402	106059
1451	2969	2542	3764	156507
1451	2969	2569	2295	131829
1451	2969	2569	2295	131771
1451	2969	1555	2772	24060
1451	2969	2579	2843	120161
1451	2969	2612	3841	164961
1451	2969	2660	2392	136595
1451	2969	2651	2677	127180
1451	2969	2685	3162	155623
1451	2969	2670	3266	166283
1451	2969	2629	3704	163421
1451	2969	2751	2951	140418
1451	2969	2746	3304	172217
1451	2969	1726	3453	94628
1451	2969	2808	2509	148065
1451	2969	1758	2655	45078
1451	2969	1776	3141	77551
1451	2969	2759	3229	170389
1451	2969	2796	3413	184093
1451	2969	2849	2325	155328
1451	2969	2878	3335	184158
1451	2969	1844	3688	116616
1451	2969	2860	3970	193339
1451	2969	1873	2983	47282
1451	2969	2907	3225	184535
1451	2969	1862	3307	77032
1451	2969	1892	3428	90195
1451	2969	2927	4055	203661
1451	2969	2996	2287	171152
1451	2969	2965	2608	161330
1451	2969	1922	2759	52460
1451	2969	1958	3113	62101
1451	2969	2960	3146	187591
1451	2969	1953	4056	153296
1451	2969	3060	2638	169716
1451	2969	3069	2986	174264
1451	2969	3050	3192	192291
2532	2531	2059	2605	51562
2532	2531	2095	3188	83101
2532	2531	2079	3689	136456
2532	2531	3173	2368	68012
2532	2531	3145	2824	69302
2532	2531	2143	3121	75291
2532	2531	2157	3325	96123
2532	2531	2148	3531	117439
2532	2531	2151	3880	154002
2532	2531	2193	2319	41537
2532	2531	1201	2733	139749
2532	2531	2220	3466	118385
2532	2531	2282	2821	40279
2532	2531	3353	2215	89536
2532	2531	2344	2268	33083
2532	2531	2320	2774	34182
2532	2531	2305	3689	139039
2532	2531	2310	3781	147048
2532	2531	2411	3781	153556
2532	2531	2467	2718	21701
2532	2531	1451	2969	120733
2532	2531	1513	2973	116060
2532	2531	1506	3402	140755
2532	2531	2542	3764	165843
2532	2531	2569	2295	24340
2532	2531	2569	2295	24240
2532	2531	1555	2772	105212
2532	2531	2579	2843	32816
2532	2531	2612	3841	174297
2532	2531	2660	2392	19868
2532	2531	2651	2677	19497
2532	2531	2685	3162	67256
2532	2531	2670	3266	77916
2532	2531	2629	3704	172757
2532	2531	2751	2951	47696
2532	2531	2746	3304	83850
2532	2531	1726	3453	128494
2532	2531	2808	2509	29133
2532	2531	1758	2655	81573
2532	2531	1776	3141	112247
2532	2531	2759	3229	82022
2532	2531	2796	3413	95726
2532	2531	2849	2325	37977
2532	2531	2878	3335	95791
2532	2531	1844	3688	139275
2532	2531	2860	3970	202675
2532	2531	1873	2983	83607
2532	2531	2907	3225	96168
2532	2531	1862	3307	109096
2532	2531	1892	3428	114805
2532	2531	2927	4055	212997
2532	2531	2996	2287	52407
2532	2531	2965	2608	45662
2532	2531	1922	2759	68290
2532	2531	1958	3113	87880
2532	2531	2960	3146	86958
2532	2531	1953	4056	173255
2532	2531	3060	2638	55536
2532	2531	3069	2986	73189
2532	2531	3050	3192	91658
1513	2973	2059	2605	66763
1513	2973	2095	3188	74571
1513	2973	2079	3689	119264
1513	2973	3173	2368	182271
1513	2973	3145	2824	171111
1513	2973	2143	3121	73226
1513	2973	2157	3325	86292
1513	2973	2148	3531	102818
1513	2973	2151	3880	137290
1513	2973	2193	2319	93901
1513	2973	1201	2733	41327
1513	2973	2220	3466	104376
1513	2973	2282	2821	90127
1513	2973	3353	2215	203795
1513	2973	2344	2268	110656
1513	2973	2320	2774	87263
1513	2973	2305	3689	125030
1513	2973	2310	3781	133039
1513	2973	2411	3781	139547
1513	2973	2467	2718	102999
1513	2973	1451	2969	6096
1513	2973	2532	2531	116060
1513	2973	1506	3402	101386
1513	2973	2542	3764	151834
1513	2973	2569	2295	127156
1513	2973	2569	2295	127098
1513	2973	1555	2772	22384
1513	2973	2579	2843	115488
1513	2973	2612	3841	160288
1513	2973	2660	2392	131922
1513	2973	2651	2677	122507
1513	2973	2685	3162	150950
1513	2973	2670	3266	161610
1513	2973	2629	3704	158748
1513	2973	2751	2951	135745
1513	2973	2746	3304	167544
1513	2973	1726	3453	89955
1513	2973	2808	2509	143392
1513	2973	1758	2655	41430
1513	2973	1776	3141	72878
1513	2973	2759	3229	165716
1513	2973	2796	3413	179420
1513	2973	2849	2325	150655
1513	2973	2878	3335	179485
1513	2973	1844	3688	111943
1513	2973	2860	3970	188666
1513	2973	1873	2983	42609
1513	2973	2907	3225	179862
1513	2973	1862	3307	72359
1513	2973	1892	3428	85522
1513	2973	2927	4055	198988
1513	2973	2996	2287	166479
1513	2973	2965	2608	156657
1513	2973	1922	2759	47787
1513	2973	1958	3113	57428
1513	2973	2960	3146	182918
1513	2973	1953	4056	148623
1513	2973	3060	2638	165043
1513	2973	3069	2986	169591
1513	2973	3050	3192	187618
1506	3402	2059	2605	104075
1506	3402	2095	3188	64622
1506	3402	2079	3689	74097
1506	3402	3173	2368	200110
1506	3402	3145	2824	183385
1506	3402	2143	3121	70492
1506	3402	2157	3325	66996
1506	3402	2148	3531	67468
1506	3402	2151	3880	91808
1506	3402	2193	2319	135143
1506	3402	1201	2733	132131
1506	3402	2220	3466	73108
1506	3402	2282	2821	110918
1506	3402	3353	2215	223334
1506	3402	2344	2268	146622
1506	3402	2320	2774	109448
1506	3402	2305	3689	87706
1506	3402	2310	3781	93515
1506	3402	2411	3781	101948
1506	3402	2467	2718	122306
1506	3402	1451	2969	106059
1506	3402	2532	2531	140755
1506	3402	1513	2973	101386
1506	3402	2542	3764	114235
1506	3402	2569	2295	157097
1506	3402	2569	2295	157014
1506	3402	1555	2772	99532
1506	3402	2579	2843	127762
1506	3402	2612	3841	122689
1506	3402	2660	2392	158505
1506	3402	2651	2677	138272
1506	3402	2685	3162	163224
1506	3402	2670	3266	173884
1506	3402	2629	3704	121149
1506	3402	2751	2951	148019
1506	3402	2746	3304	179818
1506	3402	1726	3453	23076
1506	3402	2808	2509	162630
1506	3402	1758	2655	96975
1506	3402	1776	3141	41924
1506	3402	2759	3229	177990
1506	3402	2796	3413	191694
1506	3402	2849	2325	176614
1506	3402	2878	3335	191759
1506	3402	1844	3688	62599
1506	3402	2860	3970	151067
1506	3402	1873	2983	61831
1506	3402	2907	3225	192136
1506	3402	1862	3307	37704
1506	3402	1892	3428	40188
1506	3402	2927	4055	161389
1506	3402	2996	2287	189744
1506	3402	2965	2608	171283
1506	3402	1922	2759	85728
1506	3402	1958	3113	54674
1506	3402	2960	3146	195192
1506	3402	1953	4056	100047
1506	3402	3060	2638	179669
1506	3402	3069	2986	181865
1506	3402	3050	3192	199892
2542	3764	2059	2605	143372
2542	3764	2095	3188	83852
2542	3764	2079	3689	48473
2542	3764	3173	2368	222498
2542	3764	3145	2824	205773
2542	3764	2143	3121	90865
2542	3764	2157	3325	70677
2542	3764	2148	3531	50297
2542	3764	2151	3880	43051
2542	3764	2193	2319	172856
2542	3764	1201	2733	182579
2542	3764	2220	3466	51874
2542	3764	2282	2821	133306
2542	3764	3353	2215	245722
2542	3764	2344	2268	182465
2542	3764	2320	2774	136986
2542	3764	2305	3689	26957
2542	3764	2310	3781	25362
2542	3764	2411	3781	13470
2542	3764	2467	2718	144694
2542	3764	1451	2969	156507
2542	3764	2532	2531	165843
2542	3764	1513	2973	151834
2542	3764	1506	3402	114235
2542	3764	2569	2295	188928
2542	3764	2569	2295	188828
2542	3764	1555	2772	149980
2542	3764	2579	2843	150150
2542	3764	2612	3841	10202
2542	3764	2660	2392	183643
2542	3764	2651	2677	160660
2542	3764	2685	3162	185612
2542	3764	2670	3266	196272
2542	3764	2629	3704	10776
2542	3764	2751	2951	170407
2542	3764	2746	3304	202206
2542	3764	1726	3453	91255
2542	3764	2808	2509	185018
2542	3764	1758	2655	144720
2542	3764	1776	3141	106107
2542	3764	2759	3229	200378
2542	3764	2796	3413	214082
2542	3764	2849	2325	199552
2542	3764	2878	3335	214147
2542	3764	1844	3688	72018
2542	3764	2860	3970	38395
2542	3764	1873	2983	110375
2542	3764	2907	3225	214524
2542	3764	1862	3307	85454
2542	3764	1892	3428	75722
2542	3764	2927	4055	48717
2542	3764	2996	2287	212132
2542	3764	2965	2608	193671
2542	3764	1922	2759	131265
2542	3764	1958	3113	94431
2542	3764	2960	3146	217580
2542	3764	1953	4056	68416
2542	3764	3060	2638	202057
2542	3764	3069	2986	204253
2542	3764	3050	3192	222280
2569	2295	2059	2605	60468
2569	2295	2095	3188	106186
2569	2295	2079	3689	159541
2569	2295	3173	2368	62523
2569	2295	3145	2824	78590
2569	2295	2143	3121	98376
2569	2295	2157	3325	119208
2569	2295	2148	3531	140524
2569	2295	2151	3880	177087
2569	2295	2193	2319	40780
2569	2295	1201	2733	147088
2569	2295	2220	3466	141470
2569	2295	2282	2821	60271
2569	2295	3353	2215	81023
2569	2295	2344	2268	22948
2569	2295	2320	2774	54174
2569	2295	2305	3689	162124
2569	2295	2310	3781	170133
2569	2295	2411	3781	176641
2569	2295	2467	2718	45092
2569	2295	1451	2969	131829
2569	2295	2532	2531	24340
2569	2295	1513	2973	127156
2569	2295	1506	3402	157097
2569	2295	2542	3764	188928
2569	2295	2569	2295	100
2569	2295	1555	2772	112551
2569	2295	2579	2843	55188
2569	2295	2612	3841	197382
2569	2295	2660	2392	14203
2569	2295	2651	2677	40917
2569	2295	2685	3162	89628
2569	2295	2670	3266	100288
2569	2295	2629	3704	195842
2569	2295	2751	2951	70068
2569	2295	2746	3304	106222
2569	2295	1726	3453	144986
2569	2295	2808	2509	32717
2569	2295	1758	2655	88912
2569	2295	1776	3141	128589
2569	2295	2759	3229	104394
2569	2295	2796	3413	118098
2569	2295	2849	2325	28939
2569	2295	2878	3335	118163
2569	2295	1844	3688	162360
2569	2295	2860	3970	225760
2569	2295	1873	2983	98024
2569	2295	2907	3225	110441
2569	2295	1862	3307	125698
2569	2295	1892	3428	136536
2569	2295	2927	4055	236082
2569	2295	2996	2287	43707
2569	2295	2965	2608	51380
2569	2295	1922	2759	80389
2569	2295	1958	3113	104222
2569	2295	2960	3146	100507
2569	2295	1953	4056	196340
2569	2295	3060	2638	60880
2569	2295	3069	2986	86738
2569	2295	3050	3192	105207
2569	2295	2059	2605	60410
2569	2295	2095	3188	106086
2569	2295	2079	3689	159441
2569	2295	3173	2368	62423
2569	2295	3145	2824	78490
2569	2295	2143	3121	98276
2569	2295	2157	3325	119108
2569	2295	2148	3531	140424
2569	2295	2151	3880	176987
2569	2295	2193	2319	40756
2569	2295	1201	2733	147064
2569	2295	2220	3466	141370
2569	2295	2282	2821	60188
2569	2295	3353	2215	80923
2569	2295	2344	2268	22972
2569	2295	2320	2774	54091
2569	2295	2305	3689	162024
2569	2295	2310	3781	170033
2569	2295	2411	3781	176541
2569	2295	2467	2718	44992
2569	2295	1451	2969	131771
2569	2295	2532	2531	24240
2569	2295	1513	2973	127098
2569	2295	1506	3402	157014
2569	2295	2542	3764	188828
2569	2295	2569	2295	100
2569	2295	1555	2772	112527
2569	2295	2579	2843	55088
2569	2295	2612	3841	197282
2569	2295	2660	2392	14103
2569	2295	2651	2677	40817
2569	2295	2685	3162	89528
2569	2295	2670	3266	100188
2569	2295	2629	3704	195742
2569	2295	2751	2951	69968
2569	2295	2746	3304	106122
2569	2295	1726	3453	144903
2569	2295	2808	2509	32617
2569	2295	1758	2655	88888
2569	2295	1776	3141	128506
2569	2295	2759	3229	104294
2569	2295	2796	3413	117998
2569	2295	2849	2325	28839
2569	2295	2878	3335	118063
2569	2295	1844	3688	162260
2569	2295	2860	3970	225660
2569	2295	1873	2983	97966
2569	2295	2907	3225	110341
2569	2295	1862	3307	125615
2569	2295	1892	3428	136453
2569	2295	2927	4055	235982
2569	2295	2996	2287	43607
2569	2295	2965	2608	51280
2569	2295	1922	2759	80331
2569	2295	1958	3113	104139
2569	2295	2960	3146	100407
2569	2295	1953	4056	196240
2569	2295	3060	2638	60780
2569	2295	3069	2986	86638
2569	2295	3050	3192	105107
1555	2772	2059	2605	54011
1555	2772	2095	3188	72692
1555	2772	2079	3689	117410
1555	2772	3173	2368	171423
1555	2772	3145	2824	160935
1555	2772	2143	3121	71194
1555	2772	2157	3325	84413
1555	2772	2148	3531	100964
1555	2772	2151	3880	135436
1555	2772	2193	2319	78208
1555	2772	1201	2733	36412
1555	2772	2220	3466	102522
1555	2772	2282	2821	79951
1555	2772	3353	2215	192947
1555	2772	2344	2268	94963
1555	2772	2320	2774	77087
1555	2772	2305	3689	123176
1555	2772	2310	3781	131185
1555	2772	2411	3781	137693
1555	2772	2467	2718	92151
1555	2772	1451	2969	24060
1555	2772	2532	2531	105212
1555	2772	1513	2973	22384
1555	2772	1506	3402	99532
1555	2772	2542	3764	149980
1555	2772	2569	2295	112551
1555	2772	2569	2295	112527
1555	2772	2579	2843	105312
1555	2772	2612	3841	158434
1555	2772	2660	2392	121074
1555	2772	2651	2677	111659
1555	2772	2685	3162	140774
1555	2772	2670	3266	151434
1555	2772	2629	3704	156894
1555	2772	2751	2951	125569
1555	2772	2746	3304	157368
1555	2772	1726	3453	88101
1555	2772	2808	2509	132544
1555	2772	1758	2655	25205
1555	2772	1776	3141	71024
1555	2772	2759	3229	155540
1555	2772	2796	3413	169244
1555	2772	2849	2325	139807
1555	2772	2878	3335	169309
1555	2772	1844	3688	110089
1555	2772	2860	3970	186812
1555	2772	1873	2983	40730
1555	2772	2907	3225	169686
1555	2772	1862	3307	70505
1555	2772	1892	3428	83668
1555	2772	2927	4055	197134
1555	2772	2996	2287	155631
1555	2772	2965	2608	145809
1555	2772	1922	2759	37227
1555	2772	1958	3113	55549
1555	2772	2960	3146	172742
1555	2772	1953	4056	146769
1555	2772	3060	2638	154195
1555	2772	3069	2986	159415
1555	2772	3050	3192	177442
2579	2843	2059	2605	58881
2579	2843	2095	3188	67408
2579	2843	2079	3689	120763
2579	2843	3173	2368	78009
2579	2843	3145	2824	57240
2579	2843	2143	3121	59598
2579	2843	2157	3325	80430
2579	2843	2148	3531	101746
2579	2843	2151	3880	138309
2579	2843	2193	2319	65825
2579	2843	1201	2733	140809
2579	2843	2220	3466	102692
2579	2843	2282	2821	30885
2579	2843	3353	2215	101233
2579	2843	2344	2268	63257
2579	2843	2320	2774	29585
2579	2843	2305	3689	123346
2579	2843	2310	3781	131355
2579	2843	2411	3781	137863
2579	2843	2467	2718	17123
2579	2843	1451	2969	120161
2579	2843	2532	2531	32816
2579	2843	1513	2973	115488
2579	2843	1506	3402	127762
2579	2843	2542	3764	150150
2579	2843	2569	2295	55188
2579	2843	2569	2295	55088
2579	2843	1555	2772	105312
2579	2843	2612	3841	158604
2579	2843	2660	2392	46964
2579	2843	2651	2677	18304
2579	2843	2685	3162	35783
2579	2843	2670	3266	46443
2579	2843	2629	3704	157064
2579	2843	2751	2951	20578
2579	2843	2746	3304	52377
2579	2843	1726	3453	112801
2579	2843	2808	2509	41854
2579	2843	1758	2655	86185
2579	2843	1776	3141	101108
2579	2843	2759	3229	50549
2579	2843	2796	3413	64253
2579	2843	2849	2325	58657
2579	2843	2878	3335	64318
2579	2843	1844	3688	123582
2579	2843	2860	3970	186982
2579	2843	1873	2983	80525
2579	2843	2907	3225	64695
2579	2843	1862	3307	93403
2579	2843	1892	3428	99112
2579	2843	2927	4055	197304
2579	2843	2996	2287	70193
2579	2843	2965	2608	48791
2579	2843	1922	2759	68390
2579	2843	1958	3113	74204
2579	2843	2960	3146	67751
2579	2843	1953	4056	157562
2579	2843	3060	2638	55708
2579	2843	3069	2986	54424
2579	2843	3050	3192	72451
2612	3841	2059	2605	151826
2612	3841	2095	3188	92306
2612	3841	2079	3689	56927
2612	3841	3173	2368	230952
2612	3841	3145	2824	214227
2612	3841	2143	3121	99319
2612	3841	2157	3325	79131
2612	3841	2148	3531	58751
2612	3841	2151	3880	49043
2612	3841	2193	2319	181310
2612	3841	1201	2733	191033
2612	3841	2220	3466	60328
2612	3841	2282	2821	141760
2612	3841	3353	2215	254176
2612	3841	2344	2268	190919
2612	3841	2320	2774	145440
2612	3841	2305	3689	35411
2612	3841	2310	3781	33816
2612	3841	2411	3781	21588
2612	3841	2467	2718	153148
2612	3841	1451	2969	164961
2612	3841	2532	2531	174297
2612	3841	1513	2973	160288
2612	3841	1506	3402	122689
2612	3841	2542	3764	10202
2612	3841	2569	2295	197382
2612	3841	2569	2295	197282
2612	3841	1555	2772	158434
2612	3841	2579	2843	158604
2612	3841	2660	2392	192097
2612	3841	2651	2677	169114
2612	3841	2685	3162	194066
2612	3841	2670	3266	204726
2612	3841	2629	3704	13908
2612	3841	2751	2951	178861
2612	3841	2746	3304	210660
2612	3841	1726	3453	99709
2612	3841	2808	2509	193472
2612	3841	1758	2655	153174
2612	3841	1776	3141	114561
2612	3841	2759	3229	208832
2612	3841	2796	3413	222536
2612	3841	2849	2325	208006
2612	3841	2878	3335	222601
2612	3841	1844	3688	80472
2612	3841	2860	3970	28378
2612	3841	1873	2983	118829
2612	3841	2907	3225	222978
2612	3841	1862	3307	93908
2612	3841	1892	3428	84176
2612	3841	2927	4055	38700
2612	3841	2996	2287	220586
2612	3841	2965	2608	202125
2612	3841	1922	2759	139719
2612	3841	1958	3113	102885
2612	3841	2960	3146	226034
2612	3841	1953	4056	71963
2612	3841	3060	2638	210511
2612	3841	3069	2986	212707
2612	3841	3050	3192	230734
2660	2392	2059	2605	67424
2660	2392	2095	3188	100901
2660	2392	2079	3689	154256
2660	2392	3173	2368	52072
2660	2392	3145	2824	65112
2660	2392	2143	3121	93091
2660	2392	2157	3325	113923
2660	2392	2148	3531	135239
2660	2392	2151	3880	171802
2660	2392	2193	2319	50599
2660	2392	1201	2733	155611
2660	2392	2220	3466	136185
2660	2392	2282	2821	58079
2660	2392	3353	2215	73596
2660	2392	2344	2268	35647
2660	2392	2320	2774	51982
2660	2392	2305	3689	156839
2660	2392	2310	3781	164848
2660	2392	2411	3781	171356
2660	2392	2467	2718	39501
2660	2392	1451	2969	136595
2660	2392	2532	2531	19868
2660	2392	1513	2973	131922
2660	2392	1506	3402	158505
2660	2392	2542	3764	183643
2660	2392	2569	2295	14203
2660	2392	2569	2295	14103
2660	2392	1555	2772	121074
2660	2392	2579	2843	46964
2660	2392	2612	3841	192097
2660	2392	2651	2677	30581
2660	2392	2685	3162	77420
2660	2392	2670	3266	88080
2660	2392	2629	3704	190557
2660	2392	2751	2951	57860
2660	2392	2746	3304	94014
2660	2392	1726	3453	146294
2660	2392	2808	2509	19239
2660	2392	1758	2655	97435
2660	2392	1776	3141	129997
2660	2392	2759	3229	92186
2660	2392	2796	3413	105890
2660	2392	2849	2325	20456
2660	2392	2878	3335	105955
2660	2392	1844	3688	157075
2660	2392	2860	3970	220475
2660	2392	1873	2983	101357
2660	2392	2907	3225	96788
2660	2392	1862	3307	126896
2660	2392	1892	3428	132605
2660	2392	2927	4055	230797
2660	2392	2996	2287	36280
2660	2392	2965	2608	37902
2660	2392	1922	2759	84645
2660	2392	1958	3113	105630
2660	2392	2960	3146	86854
2660	2392	1953	4056	191055
2660	2392	3060	2638	47402
2660	2392	3069	2986	73085
2660	2392	3050	3192	91554
2651	2677	2059	2605	61676
2651	2677	2095	3188	77918
2651	2677	2079	3689	131273
2651	2677	3173	2368	62356
2651	2677	3145	2824	53287
2651	2677	2143	3121	70108
2651	2677	2157	3325	90940
2651	2677	2148	3531	112256
2651	2677	2151	3880	148819
2651	2677	2193	2319	59166
2651	2677	1201	2733	146196
2651	2677	2220	3466	113202
2651	2677	2282	2821	40256
2651	2677	3353	2215	85580
2651	2677	2344	2268	52097
2651	2677	2320	2774	36028
2651	2677	2305	3689	133856
2651	2677	2310	3781	141865
2651	2677	2411	3781	148373
2651	2677	2467	2718	20070
2651	2677	1451	2969	127180
2651	2677	2532	2531	19497
2651	2677	1513	2973	122507
2651	2677	1506	3402	138272
2651	2677	2542	3764	160660
2651	2677	2569	2295	40917
2651	2677	2569	2295	40817
2651	2677	1555	2772	111659
2651	2677	2579	2843	18304
2651	2677	2612	3841	169114
2651	2677	2660	2392	30581
2651	2677	2685	3162	49336
2651	2677	2670	3266	59996
2651	2677	2629	3704	167574
2651	2677	2751	2951	29776
2651	2677	2746	3304	65930
2651	2677	1726	3453	123311
2651	2677	2808	2509	25051
2651	2677	1758	2655	88980
2651	2677	1776	3141	111618
2651	2677	2759	3229	64102
2651	2677	2796	3413	77806
2651	2677	2849	2325	41854
2651	2677	2878	3335	77871
2651	2677	1844	3688	134092
2651	2677	2860	3970	197492
2651	2677	1873	2983	87544
2651	2677	2907	3225	78248
2651	2677	1862	3307	103913
2651	2677	1892	3428	109622
2651	2677	2927	4055	207814
2651	2677	2996	2287	53390
2651	2677	2965	2608	34294
2651	2677	1922	2759	74737
2651	2677	1958	3113	84714
2651	2677	2960	3146	70034
2651	2677	1953	4056	168072
2651	2677	3060	2638	42680
2651	2677	3069	2986	56265
2651	2677	3050	3192	74734
2685	3162	2059	2605	94343
2685	3162	2095	3188	102870
2685	3162	2079	3689	156225
2685	3162	3173	2368	97968
2685	3162	3145	2824	69002
2685	3162	2143	3121	95060
2685	3162	2157	3325	115892
2685	3162	2148	3531	137208
2685	3162	2151	3880	173771
2685	3162	2193	2319	100911
2685	3162	1201	2733	176271
2685	3162	2220	3466	138154
2685	3162	2282	2821	66347
2685	3162	3353	2215	121192
2685	3162	2344	2268	97697
2685	3162	2320	2774	65047
2685	3162	2305	3689	158808
2685	3162	2310	3781	166817
2685	3162	2411	3781	173325
2685	3162	2467	2718	52343
2685	3162	1451	2969	155623
2685	3162	2532	2531	67256
2685	3162	1513	2973	150950
2685	3162	1506	3402	163224
2685	3162	2542	3764	185612
2685	3162	2569	2295	89628
2685	3162	2569	2295	89528
2685	3162	1555	2772	140774
2685	3162	2579	2843	35783
2685	3162	2612	3841	194066
2685	3162	2660	2392	77420
2685	3162	2651	2677	49336
2685	3162	2670	3266	10660
2685	3162	2629	3704	192526
2685	3162	2751	2951	22536
2685	3162	2746	3304	16690
2685	3162	1726	3453	148263
2685	3162	2808	2509	68826
2685	3162	1758	2655	121647
2685	3162	1776	3141	136570
2685	3162	2759	3229	14862
2685	3162	2796	3413	28566
2685	3162	2849	2325	87488
2685	3162	2878	3335	28631
2685	3162	1844	3688	159044
2685	3162	2860	3970	222444
2685	3162	1873	2983	115987
2685	3162	2907	3225	29008
2685	3162	1862	3307	128865
2685	3162	1892	3428	134574
2685	3162	2927	4055	232766
2685	3162	2996	2287	94978
2685	3162	2965	2608	65275
2685	3162	1922	2759	103852
2685	3162	1958	3113	109666
2685	3162	2960	3146	37332
2685	3162	1953	4056	193024
2685	3162	3060	2638	69337
2685	3162	3069	2986	57072
2685	3162	3050	3192	54190
2670	3266	2059	2605	105003
2670	3266	2095	3188	113530
2670	3266	2079	3689	166885
2670	3266	3173	2368	108628
2670	3266	3145	2824	71536
2670	3266	2143	3121	105720
2670	3266	2157	3325	126552
2670	3266	2148	3531	147868
2670	3266	2151	3880	184431
2670	3266	2193	2319	111571
2670	3266	1201	2733	186931
2670	3266	2220	3466	148814
2670	3266	2282	2821	77007
2670	3266	3353	2215	131852
2670	3266	2344	2268	108357
2670	3266	2320	2774	75707
2670	3266	2305	3689	169468
2670	3266	2310	3781	177477
2670	3266	2411	3781	183985
2670	3266	2467	2718	63003
2670	3266	1451	2969	166283
2670	3266	2532	2531	77916
2670	3266	1513	2973	161610
2670	3266	1506	3402	173884
2670	3266	2542	3764	196272
2670	3266	2569	2295	100288
2670	3266	2569	2295	100188
2670	3266	1555	2772	151434
2670	3266	2579	2843	46443
2670	3266	2612	3841	204726
2670	3266	2660	2392	88080
2670	3266	2651	2677	59996
2670	3266	2685	3162	10660
2670	3266	2629	3704	203186
2670	3266	2751	2951	33196
2670	3266	2746	3304	10883
2670	3266	1726	3453	158923
2670	3266	2808	2509	79486
2670	3266	1758	2655	132307
2670	3266	1776	3141	147230
2670	3266	2759	3229	10410
2670	3266	2796	3413	22759
2670	3266	2849	2325	98148
2670	3266	2878	3335	23470
2670	3266	1844	3688	169704
2670	3266	2860	3970	233104
2670	3266	1873	2983	126647
2670	3266	2907	3225	24556
2670	3266	1862	3307	139525
2670	3266	1892	3428	145234
2670	3266	2927	4055	243426
2670	3266	2996	2287	105638
2670	3266	2965	2608	75935
2670	3266	1922	2759	114512
2670	3266	1958	3113	120326
2670	3266	2960	3146	32880
2670	3266	1953	4056	203684
2670	3266	3060	2638	79997
2670	3266	3069	2986	52620
2670	3266	3050	3192	49738
2629	3704	2059	2605	150286
2629	3704	2095	3188	90766
2629	3704	2079	3689	55387
2629	3704	3173	2368	229412
2629	3704	3145	2824	212687
2629	3704	2143	3121	97779
2629	3704	2157	3325	77591
2629	3704	2148	3531	57211
2629	3704	2151	3880	53163
2629	3704	2193	2319	179770
2629	3704	1201	2733	189493
2629	3704	2220	3466	58788
2629	3704	2282	2821	140220
2629	3704	3353	2215	252636
2629	3704	2344	2268	189379
2629	3704	2320	2774	143900
2629	3704	2305	3689	33871
2629	3704	2310	3781	35396
2629	3704	2411	3781	24127
2629	3704	2467	2718	151608
2629	3704	1451	2969	163421
2629	3704	2532	2531	172757
2629	3704	1513	2973	158748
2629	3704	1506	3402	121149
2629	3704	2542	3764	10776
2629	3704	2569	2295	195842
2629	3704	2569	2295	195742
2629	3704	1555	2772	156894
2629	3704	2579	2843	157064
2629	3704	2612	3841	13908
2629	3704	2660	2392	190557
2629	3704	2651	2677	167574
2629	3704	2685	3162	192526
2629	3704	2670	3266	203186
2629	3704	2751	2951	177321
2629	3704	2746	3304	209120
2629	3704	1726	3453	98169
2629	3704	2808	2509	191932
2629	3704	1758	2655	151634
2629	3704	1776	3141	113021
2629	3704	2759	3229	207292
2629	3704	2796	3413	220996
2629	3704	2849	2325	206466
2629	3704	2878	3335	221061
2629	3704	1844	3688	79220
2629	3704	2860	3970	36412
2629	3704	1873	2983	117289
2629	3704	2907	3225	221438
2629	3704	1862	3307	92368
2629	3704	1892	3428	82636
2629	3704	2927	4055	46734
2629	3704	2996	2287	219046
2629	3704	2965	2608	200585
2629	3704	1922	2759	138179
2629	3704	1958	3113	101345
2629	3704	2960	3146	224494
2629	3704	1953	4056	78874
2629	3704	3060	2638	208971
2629	3704	3069	2986	211167
2629	3704	3050	3192	229194
2751	2951	2059	2605	79138
2751	2951	2095	3188	87665
2751	2951	2079	3689	141020
2751	2951	3173	2368	75432
2751	2951	3145	2824	46466
2751	2951	2143	3121	79855
2751	2951	2157	3325	100687
2751	2951	2148	3531	122003
2751	2951	2151	3880	158566
2751	2951	2193	2319	84581
2751	2951	1201	2733	161066
2751	2951	2220	3466	122949
2751	2951	2282	2821	51142
2751	2951	3353	2215	98656
2751	2951	2344	2268	80262
2751	2951	2320	2774	49842
2751	2951	2305	3689	143603
2751	2951	2310	3781	151612
2751	2951	2411	3781	158120
2751	2951	2467	2718	37138
2751	2951	1451	2969	140418
2751	2951	2532	2531	47696
2751	2951	1513	2973	135745
2751	2951	1506	3402	148019
2751	2951	2542	3764	170407
2751	2951	2569	2295	70068
2751	2951	2569	2295	69968
2751	2951	1555	2772	125569
2751	2951	2579	2843	20578
2751	2951	2612	3841	178861
2751	2951	2660	2392	57860
2751	2951	2651	2677	29776
2751	2951	2685	3162	22536
2751	2951	2670	3266	33196
2751	2951	2629	3704	177321
2751	2951	2746	3304	39130
2751	2951	1726	3453	133058
2751	2951	2808	2509	46290
2751	2951	1758	2655	106442
2751	2951	1776	3141	121365
2751	2951	2759	3229	37302
2751	2951	2796	3413	51006
2751	2951	2849	2325	65190
2751	2951	2878	3335	51071
2751	2951	1844	3688	143839
2751	2951	2860	3970	207239
2751	2951	1873	2983	100782
2751	2951	2907	3225	51448
2751	2951	1862	3307	113660
2751	2951	1892	3428	119369
2751	2951	2927	4055	217561
2751	2951	2996	2287	72442
2751	2951	2965	2608	42739
2751	2951	1922	2759	88647
2751	2951	1958	3113	94461
2751	2951	2960	3146	55345
2751	2951	1953	4056	177819
2751	2951	3060	2638	46801
2751	2951	3069	2986	42018
2751	2951	3050	3192	60045
2746	3304	2059	2605	110937
2746	3304	2095	3188	119464
2746	3304	2079	3689	172819
2746	3304	3173	2368	114562
2746	3304	3145	2824	66740
2746	3304	2143	3121	111654
2746	3304	2157	3325	132486
2746	3304	2148	3531	153802
2746	3304	2151	3880	190365
2746	3304	2193	2319	117505
2746	3304	1201	2733	192865
2746	3304	2220	3466	154748
2746	3304	2282	2821	82941
2746	3304	3353	2215	131155
2746	3304	2344	2268	114291
2746	3304	2320	2774	81641
2746	3304	2305	3689	175402
2746	3304	2310	3781	183411
2746	3304	2411	3781	189919
2746	3304	2467	2718	68937
2746	3304	1451	2969	172217
2746	3304	2532	2531	83850
2746	3304	1513	2973	167544
2746	3304	1506	3402	179818
2746	3304	2542	3764	202206
2746	3304	2569	2295	106222
2746	3304	2569	2295	106122
2746	3304	1555	2772	157368
2746	3304	2579	2843	52377
2746	3304	2612	3841	210660
2746	3304	2660	2392	94014
2746	3304	2651	2677	65930
2746	3304	2685	3162	16690
2746	3304	2670	3266	10883
2746	3304	2629	3704	209120
2746	3304	2751	2951	39130
2746	3304	1726	3453	164857
2746	3304	2808	2509	85420
2746	3304	1758	2655	138241
2746	3304	1776	3141	153164
2746	3304	2759	3229	7764
2746	3304	2796	3413	11876
2746	3304	2849	2325	104082
2746	3304	2878	3335	14265
2746	3304	1844	3688	175638
2746	3304	2860	3970	239038
2746	3304	1873	2983	132581
2746	3304	2907	3225	19692
2746	3304	1862	3307	145459
2746	3304	1892	3428	151168
2746	3304	2927	4055	249360
2746	3304	2996	2287	111572
2746	3304	2965	2608	81869
2746	3304	1922	2759	120446
2746	3304	1958	3113	126260
2746	3304	2960	3146	28084
2746	3304	1953	4056	209618
2746	3304	3060	2638	81510
2746	3304	3069	2986	47824
2746	3304	3050	3192	44942
1726	3453	2059	2605	92644
1726	3453	2095	3188	47125
1726	3453	2079	3689	51117
1726	3453	3173	2368	185149
1726	3453	3145	2824	168424
1726	3453	2143	3121	54729
1726	3453	2157	3325	46320
1726	3453	2148	3531	45112
1726	3453	2151	3880	68828
1726	3453	2193	2319	123712
1726	3453	1201	2733	120700
1726	3453	2220	3466	50752
1726	3453	2282	2821	95957
1726	3453	3353	2215	208373
1726	3453	2344	2268	134511
1726	3453	2320	2774	97337
1726	3453	2305	3689	64726
1726	3453	2310	3781	70535
1726	3453	2411	3781	78968
1726	3453	2467	2718	107345
1726	3453	1451	2969	94628
1726	3453	2532	2531	128494
1726	3453	1513	2973	89955
1726	3453	1506	3402	23076
1726	3453	2542	3764	91255
1726	3453	2569	2295	144986
1726	3453	2569	2295	144903
1726	3453	1555	2772	88101
1726	3453	2579	2843	112801
1726	3453	2612	3841	99709
1726	3453	2660	2392	146294
1726	3453	2651	2677	123311
1726	3453	2685	3162	148263
1726	3453	2670	3266	158923
1726	3453	2629	3704	98169
1726	3453	2751	2951	133058
1726	3453	2746	3304	164857
1726	3453	2808	2509	147669
1726	3453	1758	2655	85544
1726	3453	1776	3141	32363
1726	3453	2759	3229	163029
1726	3453	2796	3413	176733
1726	3453	2849	2325	162203
1726	3453	2878	3335	176798
1726	3453	1844	3688	39619
1726	3453	2860	3970	128087
1726	3453	1873	2983	50400
1726	3453	2907	3225	177175
1726	3453	1862	3307	20384
1726	3453	1892	3428	18563
1726	3453	2927	4055	138409
1726	3453	2996	2287	174783
1726	3453	2965	2608	156322
1726	3453	1922	2759	74297
1726	3453	1958	3113	41463
1726	3453	2960	3146	180231
1726	3453	1953	4056	77067
1726	3453	3060	2638	164708
1726	3453	3069	2986	166904
1726	3453	3050	3192	184931
2808	2509	2059	2605	78894
2808	2509	2095	3188	102276
2808	2509	2079	3689	155631
2808	2509	3173	2368	39908
2808	2509	3145	2824	46133
2808	2509	2143	3121	94466
2808	2509	2157	3325	115298
2808	2509	2148	3531	136614
2808	2509	2151	3880	173177
2808	2509	2193	2319	67685
2808	2509	1201	2733	167081
2808	2509	2220	3466	137560
2808	2509	2282	2821	63373
2808	2509	3353	2215	62146
2808	2509	2344	2268	52988
2808	2509	2320	2774	58596
2808	2509	2305	3689	158214
2808	2509	2310	3781	166223
2808	2509	2411	3781	172731
2808	2509	2467	2718	43187
2808	2509	1451	2969	148065
2808	2509	2532	2531	29133
2808	2509	1513	2973	143392
2808	2509	1506	3402	162630
2808	2509	2542	3764	185018
2808	2509	2569	2295	32717
2808	2509	2569	2295	32617
2808	2509	1555	2772	132544
2808	2509	2579	2843	41854
2808	2509	2612	3841	193472
2808	2509	2660	2392	19239
2808	2509	2651	2677	25051
2808	2509	2685	3162	68826
2808	2509	2670	3266	79486
2808	2509	2629	3704	191932
2808	2509	2751	2951	46290
2808	2509	2746	3304	85420
2808	2509	1726	3453	147669
2808	2509	1758	2655	108905
2808	2509	1776	3141	135976
2808	2509	2759	3229	83592
2808	2509	2796	3413	97296
2808	2509	2849	2325	19236
2808	2509	2878	3335	91639
2808	2509	1844	3688	158450
2808	2509	2860	3970	221850
2808	2509	1873	2983	108429
2808	2509	2907	3225	79891
2808	2509	1862	3307	128271
2808	2509	1892	3428	133980
2808	2509	2927	4055	232172
2808	2509	2996	2287	29106
2808	2509	2965	2608	18923
2808	2509	1922	2759	95622
2808	2509	1958	3113	109072
2808	2509	2960	3146	69957
2808	2509	1953	4056	192430
2808	2509	3060	2638	28440
2808	2509	3069	2986	55355
2808	2509	3050	3192	74657
1758	2655	2059	2605	30372
1758	2655	2095	3188	64756
1758	2655	2079	3689	114853
1758	2655	3173	2368	147784
1758	2655	3145	2824	141808
1758	2655	2143	3121	60270
1758	2655	2157	3325	78014
1758	2655	2148	3531	96316
1758	2655	2151	3880	132879
1758	2655	2193	2319	54467
1758	2655	1201	2733	59742
1758	2655	2220	3466	97262
1758	2655	2282	2821	60824
1758	2655	3353	2215	169308
1758	2655	2344	2268	71222
1758	2655	2320	2774	57960
1758	2655	2305	3689	117916
1758	2655	2310	3781	125925
1758	2655	2411	3781	132433
1758	2655	2467	2718	71488
1758	2655	1451	2969	45078
1758	2655	2532	2531	81573
1758	2655	1513	2973	41430
1758	2655	1506	3402	96975
1758	2655	2542	3764	144720
1758	2655	2569	2295	88912
1758	2655	2569	2295	88888
1758	2655	1555	2772	25205
1758	2655	2579	2843	86185
1758	2655	2612	3841	153174
1758	2655	2660	2392	97435
1758	2655	2651	2677	88980
1758	2655	2685	3162	121647
1758	2655	2670	3266	132307
1758	2655	2629	3704	151634
1758	2655	2751	2951	106442
1758	2655	2746	3304	138241
1758	2655	1726	3453	85544
1758	2655	2808	2509	108905
1758	2655	1776	3141	68467
1758	2655	2759	3229	136413
1758	2655	2796	3413	150117
1758	2655	2849	2325	116168
1758	2655	2878	3335	150182
1758	2655	1844	3688	107532
1758	2655	2860	3970	181552
1758	2655	1873	2983	35144
1758	2655	2907	3225	150559
1758	2655	1862	3307	67948
1758	2655	1892	3428	81111
1758	2655	2927	4055	191874
1758	2655	2996	2287	131992
1758	2655	2965	2608	122170
1758	2655	1922	2759	18831
1758	2655	1958	3113	50572
1758	2655	2960	3146	153615
1758	2655	1953	4056	144212
1758	2655	3060	2638	130556
1758	2655	3069	2986	140288
1758	2655	3050	3192	158315
1776	3141	2059	2605	75567
1776	3141	2095	3188	39634
1776	3141	2079	3689	69644
1776	3141	3173	2368	173456
1776	3141	3145	2824	156731
1776	3141	2143	3121	45504
1776	3141	2157	3325	48008
1776	3141	2148	3531	57366
1776	3141	2151	3880	87355
1776	3141	2193	2319	106635
1776	3141	1201	2733	103623
1776	3141	2220	3466	60199
1776	3141	2282	2821	83804
1776	3141	3353	2215	196680
1776	3141	2344	2268	118114
1776	3141	2320	2774	80940
1776	3141	2305	3689	79578
1776	3141	2310	3781	86062
1776	3141	2411	3781	93820
1776	3141	2467	2718	95652
1776	3141	1451	2969	77551
1776	3141	2532	2531	112247
1776	3141	1513	2973	72878
1776	3141	1506	3402	41924
1776	3141	2542	3764	106107
1776	3141	2569	2295	128589
1776	3141	2569	2295	128506
1776	3141	1555	2772	71024
1776	3141	2579	2843	101108
1776	3141	2612	3841	114561
1776	3141	2660	2392	129997
1776	3141	2651	2677	111618
1776	3141	2685	3162	136570
1776	3141	2670	3266	147230
1776	3141	2629	3704	113021
1776	3141	2751	2951	121365
1776	3141	2746	3304	153164
1776	3141	1726	3453	32363
1776	3141	2808	2509	135976
1776	3141	1758	2655	68467
1776	3141	2759	3229	151336
1776	3141	2796	3413	165040
1776	3141	2849	2325	148106
1776	3141	2878	3335	165105
1776	3141	1844	3688	58911
1776	3141	2860	3970	142939
1776	3141	1873	2983	33323
1776	3141	2907	3225	165482
1776	3141	1862	3307	20653
1776	3141	1892	3428	32983
1776	3141	2927	4055	153261
1776	3141	2996	2287	162536
1776	3141	2965	2608	144629
1776	3141	1922	2759	57220
1776	3141	1958	3113	27000
1776	3141	2960	3146	168538
1776	3141	1953	4056	96359
1776	3141	3060	2638	153015
1776	3141	3069	2986	155211
1776	3141	3050	3192	173238
2759	3229	2059	2605	109109
2759	3229	2095	3188	117636
2759	3229	2079	3689	170991
2759	3229	3173	2368	111953
2759	3229	3145	2824	63425
2759	3229	2143	3121	109826
2759	3229	2157	3325	130658
2759	3229	2148	3531	151974
2759	3229	2151	3880	188537
2759	3229	2193	2319	115677
2759	3229	1201	2733	191037
2759	3229	2220	3466	152920
2759	3229	2282	2821	81113
2759	3229	3353	2215	127840
2759	3229	2344	2268	112463
2759	3229	2320	2774	79813
2759	3229	2305	3689	173574
2759	3229	2310	3781	181583
2759	3229	2411	3781	188091
2759	3229	2467	2718	67109
2759	3229	1451	2969	170389
2759	3229	2532	2531	82022
2759	3229	1513	2973	165716
2759	3229	1506	3402	177990
2759	3229	2542	3764	200378
2759	3229	2569	2295	104394
2759	3229	2569	2295	104294
2759	3229	1555	2772	155540
2759	3229	2579	2843	50549
2759	3229	2612	3841	208832
2759	3229	2660	2392	92186
2759	3229	2651	2677	64102
2759	3229	2685	3162	14862
2759	3229	2670	3266	10410
2759	3229	2629	3704	207292
2759	3229	2751	2951	37302
2759	3229	2746	3304	7764
2759	3229	1726	3453	163029
2759	3229	2808	2509	83592
2759	3229	1758	2655	136413
2759	3229	1776	3141	151336
2759	3229	2796	3413	19160
2759	3229	2849	2325	102254
2759	3229	2878	3335	16911
2759	3229	1844	3688	173810
2759	3229	2860	3970	237210
2759	3229	1873	2983	130753
2759	3229	2907	3225	16445
2759	3229	1862	3307	143631
2759	3229	1892	3428	149340
2759	3229	2927	4055	247532
2759	3229	2996	2287	109744
2759	3229	2965	2608	80041
2759	3229	1922	2759	118618
2759	3229	1958	3113	124432
2759	3229	2960	3146	24769
2759	3229	1953	4056	207790
2759	3229	3060	2638	78195
2759	3229	3069	2986	44509
2759	3229	3050	3192	41627
2796	3413	2059	2605	122813
2796	3413	2095	3188	131340
2796	3413	2079	3689	184695
2796	3413	3173	2368	120900
2796	3413	3145	2824	72372
2796	3413	2143	3121	123530
2796	3413	2157	3325	144362
2796	3413	2148	3531	165678
2796	3413	2151	3880	202241
2796	3413	2193	2319	129381
2796	3413	1201	2733	204741
2796	3413	2220	3466	166624
2796	3413	2282	2821	94817
2796	3413	3353	2215	136787
2796	3413	2344	2268	126167
2796	3413	2320	2774	93517
2796	3413	2305	3689	187278
2796	3413	2310	3781	195287
2796	3413	2411	3781	201795
2796	3413	2467	2718	80813
2796	3413	1451	2969	184093
2796	3413	2532	2531	95726
2796	3413	1513	2973	179420
2796	3413	1506	3402	191694
2796	3413	2542	3764	214082
2796	3413	2569	2295	118098
2796	3413	2569	2295	117998
2796	3413	1555	2772	169244
2796	3413	2579	2843	64253
2796	3413	2612	3841	222536
2796	3413	2660	2392	105890
2796	3413	2651	2677	77806
2796	3413	2685	3162	28566
2796	3413	2670	3266	22759
2796	3413	2629	3704	220996
2796	3413	2751	2951	51006
2796	3413	2746	3304	11876
2796	3413	1726	3453	176733
2796	3413	2808	2509	97296
2796	3413	1758	2655	150117
2796	3413	1776	3141	165040
2796	3413	2759	3229	19160
2796	3413	2849	2325	115958
2796	3413	2878	3335	13384
2796	3413	1844	3688	187514
2796	3413	2860	3970	250914
2796	3413	1873	2983	144457
2796	3413	2907	3225	23901
2796	3413	1862	3307	157335
2796	3413	1892	3428	163044
2796	3413	2927	4055	261236
2796	3413	2996	2287	120736
2796	3413	2965	2608	90029
2796	3413	1922	2759	132322
2796	3413	1958	3113	138136
2796	3413	2960	3146	33716
2796	3413	1953	4056	221494
2796	3413	3060	2638	87142
2796	3413	3069	2986	53456
2796	3413	3050	3192	50574
2849	2325	2059	2605	86157
2849	2325	2095	3188	116810
2849	2325	2079	3689	170165
2849	2325	3173	2368	34595
2849	2325	3145	2824	58811
2849	2325	2143	3121	109000
2849	2325	2157	3325	129832
2849	2325	2148	3531	151148
2849	2325	2151	3880	187711
2849	2325	2193	2319	68036
2849	2325	1201	2733	174344
2849	2325	2220	3466	152094
2849	2325	2282	2821	75663
2849	2325	3353	2215	54628
2849	2325	2344	2268	51692
2849	2325	2320	2774	70041
2849	2325	2305	3689	172748
2849	2325	2310	3781	180757
2849	2325	2411	3781	187265
2849	2325	2467	2718	55685
2849	2325	1451	2969	155328
2849	2325	2532	2531	37977
2849	2325	1513	2973	150655
2849	2325	1506	3402	176614
2849	2325	2542	3764	199552
2849	2325	2569	2295	28939
2849	2325	2569	2295	28839
2849	2325	1555	2772	139807
2849	2325	2579	2843	58657
2849	2325	2612	3841	208006
2849	2325	2660	2392	20456
2849	2325	2651	2677	41854
2849	2325	2685	3162	87488
2849	2325	2670	3266	98148
2849	2325	2629	3704	206466
2849	2325	2751	2951	65190
2849	2325	2746	3304	104082
2849	2325	1726	3453	162203
2849	2325	2808	2509	19236
2849	2325	1758	2655	116168
2849	2325	1776	3141	148106
2849	2325	2759	3229	102254
2849	2325	2796	3413	115958
2849	2325	2878	3335	108602
2849	2325	1844	3688	172984
2849	2325	2860	3970	236384
2849	2325	1873	2983	119466
2849	2325	2907	3225	96854
2849	2325	1862	3307	142805
2849	2325	1892	3428	148514
2849	2325	2927	4055	246706
2849	2325	2996	2287	17312
2849	2325	2965	2608	30624
2849	2325	1922	2759	103055
2849	2325	1958	3113	123606
2849	2325	2960	3146	86920
2849	2325	1953	4056	206964
2849	2325	3060	2638	38476
2849	2325	3069	2986	71476
2849	2325	3050	3192	91620
2878	3335	2059	2605	122878
2878	3335	2095	3188	131405
2878	3335	2079	3689	184760
2878	3335	3173	2368	108866
2878	3335	3145	2824	60338
2878	3335	2143	3121	123595
2878	3335	2157	3325	144427
2878	3335	2148	3531	165743
2878	3335	2151	3880	202306
2878	3335	2193	2319	129446
2878	3335	1201	2733	204806
2878	3335	2220	3466	166689
2878	3335	2282	2821	94882
2878	3335	3353	2215	124753
2878	3335	2344	2268	126232
2878	3335	2320	2774	93582
2878	3335	2305	3689	187343
2878	3335	2310	3781	195352
2878	3335	2411	3781	201860
2878	3335	2467	2718	80878
2878	3335	1451	2969	184158
2878	3335	2532	2531	95791
2878	3335	1513	2973	179485
2878	3335	1506	3402	191759
2878	3335	2542	3764	214147
2878	3335	2569	2295	118163
2878	3335	2569	2295	118063
2878	3335	1555	2772	169309
2878	3335	2579	2843	64318
2878	3335	2612	3841	222601
2878	3335	2660	2392	105955
2878	3335	2651	2677	77871
2878	3335	2685	3162	28631
2878	3335	2670	3266	23470
2878	3335	2629	3704	221061
2878	3335	2751	2951	51071
2878	3335	2746	3304	14265
2878	3335	1726	3453	176798
2878	3335	2808	2509	91639
2878	3335	1758	2655	150182
2878	3335	1776	3141	165105
2878	3335	2759	3229	16911
2878	3335	2796	3413	13384
2878	3335	2849	2325	108602
2878	3335	1844	3688	187579
2878	3335	2860	3970	250979
2878	3335	1873	2983	144522
2878	3335	2907	3225	11748
2878	3335	1862	3307	157400
2878	3335	1892	3428	163109
2878	3335	2927	4055	261301
2878	3335	2996	2287	108702
2878	3335	2965	2608	77995
2878	3335	1922	2759	132387
2878	3335	1958	3113	138201
2878	3335	2960	3146	21682
2878	3335	1953	4056	221559
2878	3335	3060	2638	75108
2878	3335	3069	2986	41422
2878	3335	3050	3192	38540
1844	3688	2059	2605	113288
1844	3688	2095	3188	56191
1844	3688	2079	3689	26254
1844	3688	3173	2368	195930
1844	3688	3145	2824	179205
1844	3688	2143	3121	64504
1844	3688	2157	3325	48325
1844	3688	2148	3531	34530
1844	3688	2151	3880	39832
1844	3688	2193	2319	144356
1844	3688	1201	2733	142688
1844	3688	2220	3466	44955
1844	3688	2282	2821	106738
1844	3688	3353	2215	219154
1844	3688	2344	2268	153965
1844	3688	2320	2774	110418
1844	3688	2305	3689	47004
1844	3688	2310	3781	48680
1844	3688	2411	3781	58932
1844	3688	2467	2718	118126
1844	3688	1451	2969	116616
1844	3688	2532	2531	139275
1844	3688	1513	2973	111943
1844	3688	1506	3402	62599
1844	3688	2542	3764	72018
1844	3688	2569	2295	162360
1844	3688	2569	2295	162260
1844	3688	1555	2772	110089
1844	3688	2579	2843	123582
1844	3688	2612	3841	80472
1844	3688	2660	2392	157075
1844	3688	2651	2677	134092
1844	3688	2685	3162	159044
1844	3688	2670	3266	169704
1844	3688	2629	3704	79220
1844	3688	2751	2951	143839
1844	3688	2746	3304	175638
1844	3688	1726	3453	39619
1844	3688	2808	2509	158450
1844	3688	1758	2655	107532
1844	3688	1776	3141	58911
1844	3688	2759	3229	173810
1844	3688	2796	3413	187514
1844	3688	2849	2325	172984
1844	3688	2878	3335	187579
1844	3688	2860	3970	108340
1844	3688	1873	2983	72388
1844	3688	2907	3225	187956
1844	3688	1862	3307	39584
1844	3688	1892	3428	26952
1844	3688	2927	4055	117149
1844	3688	2996	2287	185564
1844	3688	2965	2608	167103
1844	3688	1922	2759	94941
1844	3688	1958	3113	59812
1844	3688	2960	3146	191012
1844	3688	1953	4056	39585
1844	3688	3060	2638	175489
1844	3688	3069	2986	177685
1844	3688	3050	3192	195712
2860	3970	2059	2605	180204
2860	3970	2095	3188	120684
2860	3970	2079	3689	85305
2860	3970	3173	2368	257593
2860	3970	3145	2824	242605
2860	3970	2143	3121	127697
2860	3970	2157	3325	107509
2860	3970	2148	3531	87129
2860	3970	2151	3880	72984
2860	3970	2193	2319	209688
2860	3970	1201	2733	219411
2860	3970	2220	3466	88706
2860	3970	2282	2821	170138
2860	3970	3353	2215	250426
2860	3970	2344	2268	219297
2860	3970	2320	2774	173818
2860	3970	2305	3689	63789
2860	3970	2310	3781	62194
2860	3970	2411	3781	49966
2860	3970	2467	2718	181526
2860	3970	1451	2969	193339
2860	3970	2532	2531	202675
2860	3970	1513	2973	188666
2860	3970	1506	3402	151067
2860	3970	2542	3764	38395
2860	3970	2569	2295	225760
2860	3970	2569	2295	225660
2860	3970	1555	2772	186812
2860	3970	2579	2843	186982
2860	3970	2612	3841	28378
2860	3970	2660	2392	220475
2860	3970	2651	2677	197492
2860	3970	2685	3162	222444
2860	3970	2670	3266	233104
2860	3970	2629	3704	36412
2860	3970	2751	2951	207239
2860	3970	2746	3304	239038
2860	3970	1726	3453	128087
2860	3970	2808	2509	221850
2860	3970	1758	2655	181552
2860	3970	1776	3141	142939
2860	3970	2759	3229	237210
2860	3970	2796	3413	250914
2860	3970	2849	2325	236384
2860	3970	2878	3335	250979
2860	3970	1844	3688	108340
2860	3970	1873	2983	147207
2860	3970	2907	3225	251356
2860	3970	1862	3307	122286
2860	3970	1892	3428	112554
2860	3970	2927	4055	10833
2860	3970	2996	2287	248964
2860	3970	2965	2608	230503
2860	3970	1922	2759	168097
2860	3970	1958	3113	131263
2860	3970	2960	3146	254412
2860	3970	1953	4056	92688
2860	3970	3060	2638	238889
2860	3970	3069	2986	241085
2860	3970	3050	3192	259112
1873	2983	2059	2605	42935
1873	2983	2095	3188	32062
1873	2983	2079	3689	79709
1873	2983	3173	2368	147308
1873	2983	3145	2824	136148
1873	2983	2143	3121	30642
1873	2983	2157	3325	44808
1873	2983	2148	3531	61393
1873	2983	2151	3880	97735
1873	2983	2193	2319	74003
1873	2983	1201	2733	73354
1873	2983	2220	3466	62917
1873	2983	2282	2821	55164
1873	2983	3353	2215	168832
1873	2983	2344	2268	87199
1873	2983	2320	2774	52300
1873	2983	2305	3689	83571
1873	2983	2310	3781	91580
1873	2983	2411	3781	98088
1873	2983	2467	2718	68036
1873	2983	1451	2969	47282
1873	2983	2532	2531	83607
1873	2983	1513	2973	42609
1873	2983	1506	3402	61831
1873	2983	2542	3764	110375
1873	2983	2569	2295	98024
1873	2983	2569	2295	97966
1873	2983	1555	2772	40730
1873	2983	2579	2843	80525
1873	2983	2612	3841	118829
1873	2983	2660	2392	101357
1873	2983	2651	2677	87544
1873	2983	2685	3162	115987
1873	2983	2670	3266	126647
1873	2983	2629	3704	117289
1873	2983	2751	2951	100782
1873	2983	2746	3304	132581
1873	2983	1726	3453	50400
1873	2983	2808	2509	108429
1873	2983	1758	2655	35144
1873	2983	1776	3141	33323
1873	2983	2759	3229	130753
1873	2983	2796	3413	144457
1873	2983	2849	2325	119466
1873	2983	2878	3335	144522
1873	2983	1844	3688	72388
1873	2983	2860	3970	147207
1873	2983	2907	3225	144899
1873	2983	1862	3307	32804
1873	2983	1892	3428	45967
1873	2983	2927	4055	157529
1873	2983	2996	2287	133896
1873	2983	2965	2608	121694
1873	2983	1922	2759	23993
1873	2983	1958	3113	15944
1873	2983	2960	3146	147955
1873	2983	1953	4056	109068
1873	2983	3060	2638	130080
1873	2983	3069	2986	134628
1873	2983	3050	3192	152655
2907	3225	2059	2605	123255
2907	3225	2095	3188	131782
2907	3225	2079	3689	185137
2907	3225	3173	2368	97118
2907	3225	3145	2824	48590
2907	3225	2143	3121	123972
2907	3225	2157	3325	144804
2907	3225	2148	3531	166120
2907	3225	2151	3880	202683
2907	3225	2193	2319	129823
2907	3225	1201	2733	205183
2907	3225	2220	3466	167066
2907	3225	2282	2821	95259
2907	3225	3353	2215	113005
2907	3225	2344	2268	126609
2907	3225	2320	2774	93959
2907	3225	2305	3689	187720
2907	3225	2310	3781	195729
2907	3225	2411	3781	202237
2907	3225	2467	2718	81255
2907	3225	1451	2969	184535
2907	3225	2532	2531	96168
2907	3225	1513	2973	179862
2907	3225	1506	3402	192136
2907	3225	2542	3764	214524
2907	3225	2569	2295	110441
2907	3225	2569	2295	110341
2907	3225	1555	2772	169686
2907	3225	2579	2843	64695
2907	3225	2612	3841	222978
2907	3225	2660	2392	96788
2907	3225	2651	2677	78248
2907	3225	2685	3162	29008
2907	3225	2670	3266	24556
2907	3225	2629	3704	221438
2907	3225	2751	2951	51448
2907	3225	2746	3304	19692
2907	3225	1726	3453	177175
2907	3225	2808	2509	79891
2907	3225	1758	2655	150559
2907	3225	1776	3141	165482
2907	3225	2759	3229	16445
2907	3225	2796	3413	23901
2907	3225	2849	2325	96854
2907	3225	2878	3335	11748
2907	3225	1844	3688	187956
2907	3225	2860	3970	251356
2907	3225	1873	2983	144899
2907	3225	1862	3307	157777
2907	3225	1892	3428	163486
2907	3225	2927	4055	261678
2907	3225	2996	2287	96954
2907	3225	2965	2608	66247
2907	3225	1922	2759	132764
2907	3225	1958	3113	138578
2907	3225	2960	3146	9934
2907	3225	1953	4056	221936
2907	3225	3060	2638	63360
2907	3225	3069	2986	29674
2907	3225	3050	3192	26792
1862	3307	2059	2605	75048
1862	3307	2095	3188	29090
1862	3307	2079	3689	49093
1862	3307	3173	2368	165751
1862	3307	3145	2824	149026
1862	3307	2143	3121	35538
1862	3307	2157	3325	30312
1862	3307	2148	3531	36863
1862	3307	2151	3880	66804
1862	3307	2193	2319	106116
1862	3307	1201	2733	103104
1862	3307	2220	3466	40072
1862	3307	2282	2821	76559
1862	3307	3353	2215	188975
1862	3307	2344	2268	115725
1862	3307	2320	2774	78049
1862	3307	2305	3689	58925
1862	3307	2310	3781	65409
1862	3307	2411	3781	73167
1862	3307	2467	2718	87947
1862	3307	1451	2969	77032
1862	3307	2532	2531	109096
1862	3307	1513	2973	72359
1862	3307	1506	3402	37704
1862	3307	2542	3764	85454
1862	3307	2569	2295	125698
1862	3307	2569	2295	125615
1862	3307	1555	2772	70505
1862	3307	2579	2843	93403
1862	3307	2612	3841	93908
1862	3307	2660	2392	126896
1862	3307	2651	2677	103913
1862	3307	2685	3162	128865
1862	3307	2670	3266	139525
1862	3307	2629	3704	92368
1862	3307	2751	2951	113660
1862	3307	2746	3304	145459
1862	3307	1726	3453	20384
1862	3307	2808	2509	128271
1862	3307	1758	2655	67948
1862	3307	1776	3141	20653
1862	3307	2759	3229	143631
1862	3307	2796	3413	157335
1862	3307	2849	2325	142805
1862	3307	2878	3335	157400
1862	3307	1844	3688	39584
1862	3307	2860	3970	122286
1862	3307	1873	2983	32804
1862	3307	2907	3225	157777
1862	3307	1892	3428	13163
1862	3307	2927	4055	132608
1862	3307	2996	2287	155385
1862	3307	2965	2608	136924
1862	3307	1922	2759	56701
1862	3307	1958	3113	22065
1862	3307	2960	3146	160833
1862	3307	1953	4056	77032
1862	3307	3060	2638	145310
1862	3307	3069	2986	147506
1862	3307	3050	3192	165533
1892	3428	2059	2605	86387
1892	3428	2095	3188	31993
1892	3428	2079	3689	37009
1892	3428	3173	2368	171460
1892	3428	3145	2824	154735
1892	3428	2143	3121	40306
1892	3428	2157	3325	29020
1892	3428	2148	3531	28100
1892	3428	2151	3880	54720
1892	3428	2193	2319	117455
1892	3428	1201	2733	116267
1892	3428	2220	3466	33740
1892	3428	2282	2821	82268
1892	3428	3353	2215	194684
1892	3428	2344	2268	127064
1892	3428	2320	2774	85948
1892	3428	2305	3689	49193
1892	3428	2310	3781	55002
1892	3428	2411	3781	63435
1892	3428	2467	2718	93656
1892	3428	1451	2969	90195
1892	3428	2532	2531	114805
1892	3428	1513	2973	85522
1892	3428	1506	3402	40188
1892	3428	2542	3764	75722
1892	3428	2569	2295	136536
1892	3428	2569	2295	136453
1892	3428	1555	2772	83668
1892	3428	2579	2843	99112
1892	3428	2612	3841	84176
1892	3428	2660	2392	132605
1892	3428	2651	2677	109622
1892	3428	2685	3162	134574
1892	3428	2670	3266	145234
1892	3428	2629	3704	82636
1892	3428	2751	2951	119369
1892	3428	2746	3304	151168
1892	3428	1726	3453	18563
1892	3428	2808	2509	133980
1892	3428	1758	2655	81111
1892	3428	1776	3141	32983
1892	3428	2759	3229	149340
1892	3428	2796	3413	163044
1892	3428	2849	2325	148514
1892	3428	2878	3335	163109
1892	3428	1844	3688	26952
1892	3428	2860	3970	112554
1892	3428	1873	2983	45967
1892	3428	2907	3225	163486
1892	3428	1862	3307	13163
1892	3428	2927	4055	122876
1892	3428	2996	2287	161094
1892	3428	2965	2608	142633
1892	3428	1922	2759	68040
1892	3428	1958	3113	32911
1892	3428	2960	3146	166542
1892	3428	1953	4056	64064
1892	3428	3060	2638	151019
1892	3428	3069	2986	153215
1892	3428	3050	3192	171242
2927	4055	2059	2605	190526
2927	4055	2095	3188	131006
2927	4055	2079	3689	95627
2927	4055	3173	2368	252785
2927	4055	3145	2824	239581
2927	4055	2143	3121	138019
2927	4055	2157	3325	117831
2927	4055	2148	3531	97451
2927	4055	2151	3880	81793
2927	4055	2193	2319	220010
2927	4055	1201	2733	229733
2927	4055	2220	3466	99028
2927	4055	2282	2821	180460
2927	4055	3353	2215	245618
2927	4055	2344	2268	229619
2927	4055	2320	2774	184140
2927	4055	2305	3689	74111
2927	4055	2310	3781	72516
2927	4055	2411	3781	60288
2927	4055	2467	2718	191848
2927	4055	1451	2969	203661
2927	4055	2532	2531	212997
2927	4055	1513	2973	198988
2927	4055	1506	3402	161389
2927	4055	2542	3764	48717
2927	4055	2569	2295	236082
2927	4055	2569	2295	235982
2927	4055	1555	2772	197134
2927	4055	2579	2843	197304
2927	4055	2612	3841	38700
2927	4055	2660	2392	230797
2927	4055	2651	2677	207814
2927	4055	2685	3162	232766
2927	4055	2670	3266	243426
2927	4055	2629	3704	46734
2927	4055	2751	2951	217561
2927	4055	2746	3304	249360
2927	4055	1726	3453	138409
2927	4055	2808	2509	232172
2927	4055	1758	2655	191874
2927	4055	1776	3141	153261
2927	4055	2759	3229	247532
2927	4055	2796	3413	261236
2927	4055	2849	2325	246706
2927	4055	2878	3335	261301
2927	4055	1844	3688	117149
2927	4055	2860	3970	10833
2927	4055	1873	2983	157529
2927	4055	2907	3225	261678
2927	4055	1862	3307	132608
2927	4055	1892	3428	122876
2927	4055	2996	2287	259286
2927	4055	2965	2608	240825
2927	4055	1922	2759	178419
2927	4055	1958	3113	141585
2927	4055	2960	3146	264734
2927	4055	1953	4056	99529
2927	4055	3060	2638	234997
2927	4055	3069	2986	251407
2927	4055	3050	3192	269434
2996	2287	2059	2605	101981
2996	2287	2095	3188	129390
2996	2287	2079	3689	182745
2996	2287	3173	2368	19672
2996	2287	3145	2824	57152
2996	2287	2143	3121	121580
2996	2287	2157	3325	142412
2996	2287	2148	3531	163728
2996	2287	2151	3880	200291
2996	2287	2193	2319	83860
2996	2287	1201	2733	190168
2996	2287	2220	3466	164674
2996	2287	2282	2821	90093
2996	2287	3353	2215	37452
2996	2287	2344	2268	66460
2996	2287	2320	2774	84471
2996	2287	2305	3689	185328
2996	2287	2310	3781	193337
2996	2287	2411	3781	199845
2996	2287	2467	2718	70115
2996	2287	1451	2969	171152
2996	2287	2532	2531	52407
2996	2287	1513	2973	166479
2996	2287	1506	3402	189744
2996	2287	2542	3764	212132
2996	2287	2569	2295	43707
2996	2287	2569	2295	43607
2996	2287	1555	2772	155631
2996	2287	2579	2843	70193
2996	2287	2612	3841	220586
2996	2287	2660	2392	36280
2996	2287	2651	2677	53390
2996	2287	2685	3162	94978
2996	2287	2670	3266	105638
2996	2287	2629	3704	219046
2996	2287	2751	2951	72442
2996	2287	2746	3304	111572
2996	2287	1726	3453	174783
2996	2287	2808	2509	29106
2996	2287	1758	2655	131992
2996	2287	1776	3141	162536
2996	2287	2759	3229	109744
2996	2287	2796	3413	120736
2996	2287	2849	2325	17312
2996	2287	2878	3335	108702
2996	2287	1844	3688	185564
2996	2287	2860	3970	248964
2996	2287	1873	2983	133896
2996	2287	2907	3225	96954
2996	2287	1862	3307	155385
2996	2287	1892	3428	161094
2996	2287	2927	4055	259286
2996	2287	2965	2608	31876
2996	2287	1922	2759	118709
2996	2287	1958	3113	136186
2996	2287	2960	3146	87020
2996	2287	1953	4056	219544
2996	2287	3060	2638	36460
2996	2287	3069	2986	71576
2996	2287	3050	3192	91720
2965	2608	2059	2605	93172
2965	2608	2095	3188	110929
2965	2608	2079	3689	164284
2965	2608	3173	2368	32962
2965	2608	3145	2824	28485
2965	2608	2143	3121	103119
2965	2608	2157	3325	123951
2965	2608	2148	3531	145267
2965	2608	2151	3880	181830
2965	2608	2193	2319	85702
2965	2608	1201	2733	180346
2965	2608	2220	3466	146213
2965	2608	2282	2821	74406
2965	2608	3353	2215	56186
2965	2608	2344	2268	71651
2965	2608	2320	2774	70178
2965	2608	2305	3689	166867
2965	2608	2310	3781	174876
2965	2608	2411	3781	181384
2965	2608	2467	2718	54220
2965	2608	1451	2969	161330
2965	2608	2532	2531	45662
2965	2608	1513	2973	156657
2965	2608	1506	3402	171283
2965	2608	2542	3764	193671
2965	2608	2569	2295	51380
2965	2608	2569	2295	51280
2965	2608	1555	2772	145809
2965	2608	2579	2843	48791
2965	2608	2612	3841	202125
2965	2608	2660	2392	37902
2965	2608	2651	2677	34294
2965	2608	2685	3162	65275
2965	2608	2670	3266	75935
2965	2608	2629	3704	200585
2965	2608	2751	2951	42739
2965	2608	2746	3304	81869
2965	2608	1726	3453	156322
2965	2608	2808	2509	18923
2965	2608	1758	2655	122170
2965	2608	1776	3141	144629
2965	2608	2759	3229	80041
2965	2608	2796	3413	90029
2965	2608	2849	2325	30624
2965	2608	2878	3335	77995
2965	2608	1844	3688	167103
2965	2608	2860	3970	230503
2965	2608	1873	2983	121694
2965	2608	2907	3225	66247
2965	2608	1862	3307	136924
2965	2608	1892	3428	142633
2965	2608	2927	4055	240825
2965	2608	2996	2287	31876
2965	2608	1922	2759	108887
2965	2608	1958	3113	117725
2965	2608	2960	3146	56313
2965	2608	1953	4056	201083
2965	2608	3060	2638	9908
2965	2608	3069	2986	40869
2965	2608	3050	3192	61013
1922	2759	2059	2605	20471
1922	2759	2095	3188	48462
1922	2759	2079	3689	101398
1922	2759	3173	2368	134501
1922	2759	3145	2824	124013
1922	2759	2143	3121	43976
1922	2759	2157	3325	62876
1922	2759	2148	3531	82861
1922	2759	2151	3880	119424
1922	2759	2193	2319	51284
1922	2759	1201	2733	72724
1922	2759	2220	3466	83807
1922	2759	2282	2821	43029
1922	2759	3353	2215	156025
1922	2759	2344	2268	65364
1922	2759	2320	2774	40165
1922	2759	2305	3689	104461
1922	2759	2310	3781	112470
1922	2759	2411	3781	118978
1922	2759	2467	2718	55229
1922	2759	1451	2969	52460
1922	2759	2532	2531	68290
1922	2759	1513	2973	47787
1922	2759	1506	3402	85728
1922	2759	2542	3764	131265
1922	2759	2569	2295	80389
1922	2759	2569	2295	80331
1922	2759	1555	2772	37227
1922	2759	2579	2843	68390
1922	2759	2612	3841	139719
1922	2759	2660	2392	84645
1922	2759	2651	2677	74737
1922	2759	2685	3162	103852
1922	2759	2670	3266	114512
1922	2759	2629	3704	138179
1922	2759	2751	2951	88647
1922	2759	2746	3304	120446
1922	2759	1726	3453	74297
1922	2759	2808	2509	95622
1922	2759	1758	2655	18831
1922	2759	1776	3141	57220
1922	2759	2759	3229	118618
1922	2759	2796	3413	132322
1922	2759	2849	2325	103055
1922	2759	2878	3335	132387
1922	2759	1844	3688	94941
1922	2759	2860	3970	168097
1922	2759	1873	2983	23993
1922	2759	2907	3225	132764
1922	2759	1862	3307	56701
1922	2759	1892	3428	68040
1922	2759	2927	4055	178419
1922	2759	2996	2287	118709
1922	2759	2965	2608	108887
1922	2759	1958	3113	37117
1922	2759	2960	3146	135820
1922	2759	1953	4056	130757
1922	2759	3060	2638	117273
1922	2759	3069	2986	122493
1922	2759	3050	3192	140520
1958	3113	2059	2605	53784
1958	3113	2095	3188	17168
1958	3113	2079	3689	64445
1958	3113	3173	2368	146552
1958	3113	3145	2824	129827
1958	3113	2143	3121	18696
1958	3113	2157	3325	28864
1958	3113	2148	3531	45908
1958	3113	2151	3880	82471
1958	3113	2193	2319	84852
1958	3113	1201	2733	88173
1958	3113	2220	3466	46973
1958	3113	2282	2821	57360
1958	3113	3353	2215	169776
1958	3113	2344	2268	94461
1958	3113	2320	2774	56573
1958	3113	2305	3689	67627
1958	3113	2310	3781	75636
1958	3113	2411	3781	82144
1958	3113	2467	2718	68748
1958	3113	1451	2969	62101
1958	3113	2532	2531	87880
1958	3113	1513	2973	57428
1958	3113	1506	3402	54674
1958	3113	2542	3764	94431
1958	3113	2569	2295	104222
1958	3113	2569	2295	104139
1958	3113	1555	2772	55549
1958	3113	2579	2843	74204
1958	3113	2612	3841	102885
1958	3113	2660	2392	105630
1958	3113	2651	2677	84714
1958	3113	2685	3162	109666
1958	3113	2670	3266	120326
1958	3113	2629	3704	101345
1958	3113	2751	2951	94461
1958	3113	2746	3304	126260
1958	3113	1726	3453	41463
1958	3113	2808	2509	109072
1958	3113	1758	2655	50572
1958	3113	1776	3141	27000
1958	3113	2759	3229	124432
1958	3113	2796	3413	138136
1958	3113	2849	2325	123606
1958	3113	2878	3335	138201
1958	3113	1844	3688	59812
1958	3113	2860	3970	131263
1958	3113	1873	2983	15944
1958	3113	2907	3225	138578
1958	3113	1862	3307	22065
1958	3113	1892	3428	32911
1958	3113	2927	4055	141585
1958	3113	2996	2287	136186
1958	3113	2965	2608	117725
1958	3113	1922	2759	37117
1958	3113	2960	3146	141634
1958	3113	1953	4056	93996
1958	3113	3060	2638	126111
1958	3113	3069	2986	128307
1958	3113	3050	3192	146334
2960	3146	2059	2605	126311
2960	3146	2095	3188	134838
2960	3146	2079	3689	188193
2960	3146	3173	2368	87184
2960	3146	3145	2824	38656
2960	3146	2143	3121	127028
2960	3146	2157	3325	147860
2960	3146	2148	3531	169176
2960	3146	2151	3880	205739
2960	3146	2193	2319	127065
2960	3146	1201	2733	208239
2960	3146	2220	3466	170122
2960	3146	2282	2821	98315
2960	3146	3353	2215	103071
2960	3146	2344	2268	116815
2960	3146	2320	2774	97015
2960	3146	2305	3689	190776
2960	3146	2310	3781	198785
2960	3146	2411	3781	205293
2960	3146	2467	2718	82305
2960	3146	1451	2969	187591
2960	3146	2532	2531	86958
2960	3146	1513	2973	182918
2960	3146	1506	3402	195192
2960	3146	2542	3764	217580
2960	3146	2569	2295	100507
2960	3146	2569	2295	100407
2960	3146	1555	2772	172742
2960	3146	2579	2843	67751
2960	3146	2612	3841	226034
2960	3146	2660	2392	86854
2960	3146	2651	2677	70034
2960	3146	2685	3162	37332
2960	3146	2670	3266	32880
2960	3146	2629	3704	224494
2960	3146	2751	2951	55345
2960	3146	2746	3304	28084
2960	3146	1726	3453	180231
2960	3146	2808	2509	69957
2960	3146	1758	2655	153615
2960	3146	1776	3141	168538
2960	3146	2759	3229	24769
2960	3146	2796	3413	33716
2960	3146	2849	2325	86920
2960	3146	2878	3335	21682
2960	3146	1844	3688	191012
2960	3146	2860	3970	254412
2960	3146	1873	2983	147955
2960	3146	2907	3225	9934
2960	3146	1862	3307	160833
2960	3146	1892	3428	166542
2960	3146	2927	4055	264734
2960	3146	2996	2287	87020
2960	3146	2965	2608	56313
2960	3146	1922	2759	135820
2960	3146	1958	3113	141634
2960	3146	1953	4056	224992
2960	3146	3060	2638	53426
2960	3146	3069	2986	19740
2960	3146	3050	3192	16858
1953	4056	2059	2605	147472
1953	4056	2095	3188	90256
1953	4056	2079	3689	39568
1953	4056	3173	2368	229910
1953	4056	3145	2824	213185
1953	4056	2143	3121	98277
1953	4056	2157	3325	78089
1953	4056	2148	3531	58056
1953	4056	2151	3880	30884
1953	4056	2193	2319	178540
1953	4056	1201	2733	179368
1953	4056	2220	3466	66811
1953	4056	2282	2821	140718
1953	4056	3353	2215	253134
1953	4056	2344	2268	188149
1953	4056	2320	2774	144398
1953	4056	2305	3689	52203
1953	4056	2310	3781	45824
1953	4056	2411	3781	55316
1953	4056	2467	2718	152106
1953	4056	1451	2969	153296
1953	4056	2532	2531	173255
1953	4056	1513	2973	148623
1953	4056	1506	3402	100047
1953	4056	2542	3764	68416
1953	4056	2569	2295	196340
1953	4056	2569	2295	196240
1953	4056	1555	2772	146769
1953	4056	2579	2843	157562
1953	4056	2612	3841	71963
1953	4056	2660	2392	191055
1953	4056	2651	2677	168072
1953	4056	2685	3162	193024
1953	4056	2670	3266	203684
1953	4056	2629	3704	78874
1953	4056	2751	2951	177819
1953	4056	2746	3304	209618
1953	4056	1726	3453	77067
1953	4056	2808	2509	192430
1953	4056	1758	2655	144212
1953	4056	1776	3141	96359
1953	4056	2759	3229	207790
1953	4056	2796	3413	221494
1953	4056	2849	2325	206964
1953	4056	2878	3335	221559
1953	4056	1844	3688	39585
1953	4056	2860	3970	92688
1953	4056	1873	2983	109068
1953	4056	2907	3225	221936
1953	4056	1862	3307	77032
1953	4056	1892	3428	64064
1953	4056	2927	4055	99529
1953	4056	2996	2287	219544
1953	4056	2965	2608	201083
1953	4056	1922	2759	130757
1953	4056	1958	3113	93996
1953	4056	2960	3146	224992
1953	4056	3060	2638	209469
1953	4056	3069	2986	211665
1953	4056	3050	3192	229692
3060	2638	2059	2605	101860
3060	2638	2095	3188	119315
3060	2638	2079	3689	172670
3060	2638	3173	2368	33984
3060	2638	3145	2824	20726
3060	2638	2143	3121	111505
3060	2638	2157	3325	132337
3060	2638	2148	3531	153653
3060	2638	2151	3880	190216
3060	2638	2193	2319	95576
3060	2638	1201	2733	188732
3060	2638	2220	3466	154599
3060	2638	2282	2821	82792
3060	2638	3353	2215	55186
3060	2638	2344	2268	81151
3060	2638	2320	2774	78564
3060	2638	2305	3689	175253
3060	2638	2310	3781	183262
3060	2638	2411	3781	189770
3060	2638	2467	2718	62606
3060	2638	1451	2969	169716
3060	2638	2532	2531	55536
3060	2638	1513	2973	165043
3060	2638	1506	3402	179669
3060	2638	2542	3764	202057
3060	2638	2569	2295	60880
3060	2638	2569	2295	60780
3060	2638	1555	2772	154195
3060	2638	2579	2843	55708
3060	2638	2612	3841	210511
3060	2638	2660	2392	47402
3060	2638	2651	2677	42680
3060	2638	2685	3162	69337
3060	2638	2670	3266	79997
3060	2638	2629	3704	208971
3060	2638	2751	2951	46801
3060	2638	2746	3304	81510
3060	2638	1726	3453	164708
3060	2638	2808	2509	28440
3060	2638	1758	2655	130556
3060	2638	1776	3141	153015
3060	2638	2759	3229	78195
3060	2638	2796	3413	87142
3060	2638	2849	2325	38476
3060	2638	2878	3335	75108
3060	2638	1844	3688	175489
3060	2638	2860	3970	238889
3060	2638	1873	2983	130080
3060	2638	2907	3225	63360
3060	2638	1862	3307	145310
3060	2638	1892	3428	151019
3060	2638	2927	4055	234997
3060	2638	2996	2287	36460
3060	2638	2965	2608	9908
3060	2638	1922	2759	117273
3060	2638	1958	3113	126111
3060	2638	2960	3146	53426
3060	2638	1953	4056	209469
3060	2638	3069	2986	35150
3060	2638	3050	3192	56452
3069	2986	2059	2605	112984
3069	2986	2095	3188	121511
3069	2986	2079	3689	174866
3069	2986	3173	2368	68668
3069	2986	3145	2824	18939
3069	2986	2143	3121	113701
3069	2986	2157	3325	134533
3069	2986	2148	3531	155849
3069	2986	2151	3880	192412
3069	2986	2193	2319	113738
3069	2986	1201	2733	194912
3069	2986	2220	3466	156795
3069	2986	2282	2821	84988
3069	2986	3353	2215	84555
3069	2986	2344	2268	103046
3069	2986	2320	2774	83688
3069	2986	2305	3689	177449
3069	2986	2310	3781	185458
3069	2986	2411	3781	191966
3069	2986	2467	2718	68978
3069	2986	1451	2969	174264
3069	2986	2532	2531	73189
3069	2986	1513	2973	169591
3069	2986	1506	3402	181865
3069	2986	2542	3764	204253
3069	2986	2569	2295	86738
3069	2986	2569	2295	86638
3069	2986	1555	2772	159415
3069	2986	2579	2843	54424
3069	2986	2612	3841	212707
3069	2986	2660	2392	73085
3069	2986	2651	2677	56265
3069	2986	2685	3162	57072
3069	2986	2670	3266	52620
3069	2986	2629	3704	211167
3069	2986	2751	2951	42018
3069	2986	2746	3304	47824
3069	2986	1726	3453	166904
3069	2986	2808	2509	55355
3069	2986	1758	2655	140288
3069	2986	1776	3141	155211
3069	2986	2759	3229	44509
3069	2986	2796	3413	53456
3069	2986	2849	2325	71476
3069	2986	2878	3335	41422
3069	2986	1844	3688	177685
3069	2986	2860	3970	241085
3069	2986	1873	2983	134628
3069	2986	2907	3225	29674
3069	2986	1862	3307	147506
3069	2986	1892	3428	153215
3069	2986	2927	4055	251407
3069	2986	2996	2287	71576
3069	2986	2965	2608	40869
3069	2986	1922	2759	122493
3069	2986	1958	3113	128307
3069	2986	2960	3146	19740
3069	2986	1953	4056	211665
3069	2986	3060	2638	35150
3069	2986	3050	3192	21302
3050	3192	2059	2605	131011
3050	3192	2095	3188	139538
3050	3192	2079	3689	192893
3050	3192	3173	2368	89970
3050	3192	3145	2824	40241
3050	3192	2143	3121	131728
3050	3192	2157	3325	152560
3050	3192	2148	3531	173876
3050	3192	2151	3880	210439
3050	3192	2193	2319	131765
3050	3192	1201	2733	212939
3050	3192	2220	3466	174822
3050	3192	2282	2821	103015
3050	3192	3353	2215	105857
3050	3192	2344	2268	121515
3050	3192	2320	2774	101715
3050	3192	2305	3689	195476
3050	3192	2310	3781	203485
3050	3192	2411	3781	209993
3050	3192	2467	2718	87005
3050	3192	1451	2969	192291
3050	3192	2532	2531	91658
3050	3192	1513	2973	187618
3050	3192	1506	3402	199892
3050	3192	2542	3764	222280
3050	3192	2569	2295	105207
3050	3192	2569	2295	105107
3050	3192	1555	2772	177442
3050	3192	2579	2843	72451
3050	3192	2612	3841	230734
3050	3192	2660	2392	91554
3050	3192	2651	2677	74734
3050	3192	2685	3162	54190
3050	3192	2670	3266	49738
3050	3192	2629	3704	229194
3050	3192	2751	2951	60045
3050	3192	2746	3304	44942
3050	3192	1726	3453	184931
3050	3192	2808	2509	74657
3050	3192	1758	2655	158315
3050	3192	1776	3141	173238
3050	3192	2759	3229	41627
3050	3192	2796	3413	50574
3050	3192	2849	2325	91620
3050	3192	2878	3335	38540
3050	3192	1844	3688	195712
3050	3192	2860	3970	259112
3050	3192	1873	2983	152655
3050	3192	2907	3225	26792
3050	3192	1862	3307	165533
3050	3192	1892	3428	171242
3050	3192	2927	4055	269434
3050	3192	2996	2287	91720
3050	3192	2965	2608	61013
3050	3192	1922	2759	140520
3050	3192	1958	3113	146334
3050	3192	2960	3146	16858
3050	3192	1953	4056	229692
3050	3192	3060	2638	56452
3050	3192	3069	2986	21302
